-- MySQL dump 10.13  Distrib 8.0.15, for Win64 (x86_64)
--
-- Host: localhost    Database: yijuyun
-- ------------------------------------------------------
-- Server version	8.0.15

/*!40101 SET @OLD_CHARACTER_SET_CLIENT=@@CHARACTER_SET_CLIENT */;
/*!40101 SET @OLD_CHARACTER_SET_RESULTS=@@CHARACTER_SET_RESULTS */;
/*!40101 SET @OLD_COLLATION_CONNECTION=@@COLLATION_CONNECTION */;
 SET NAMES utf8 ;
/*!40103 SET @OLD_TIME_ZONE=@@TIME_ZONE */;
/*!40103 SET TIME_ZONE='+00:00' */;
/*!40014 SET @OLD_UNIQUE_CHECKS=@@UNIQUE_CHECKS, UNIQUE_CHECKS=0 */;
/*!40014 SET @OLD_FOREIGN_KEY_CHECKS=@@FOREIGN_KEY_CHECKS, FOREIGN_KEY_CHECKS=0 */;
/*!40101 SET @OLD_SQL_MODE=@@SQL_MODE, SQL_MODE='NO_AUTO_VALUE_ON_ZERO' */;
/*!40111 SET @OLD_SQL_NOTES=@@SQL_NOTES, SQL_NOTES=0 */;

--
-- Table structure for table `gen_table`
--

DROP TABLE IF EXISTS `gen_table`;
/*!40101 SET @saved_cs_client     = @@character_set_client */;
 SET character_set_client = utf8mb4 ;
CREATE TABLE `gen_table` (
  `table_id` bigint(20) NOT NULL AUTO_INCREMENT COMMENT 'ç¼–å·',
  `table_name` varchar(200) DEFAULT '' COMMENT 'è¡¨åç§°',
  `table_comment` varchar(500) DEFAULT '' COMMENT 'è¡¨æè¿°',
  `class_name` varchar(100) DEFAULT '' COMMENT 'å®ä½“ç±»åç§°',
  `tpl_category` varchar(200) DEFAULT 'crud' COMMENT 'ä½¿ç”¨çš„æ¨¡æ¿ï¼ˆcrudå•è¡¨æ“ä½œ treeæ ‘è¡¨æ“ä½œï¼‰',
  `package_name` varchar(100) DEFAULT NULL COMMENT 'ç”ŸæˆåŒ…è·¯å¾„',
  `module_name` varchar(30) DEFAULT NULL COMMENT 'ç”Ÿæˆæ¨¡å—å',
  `business_name` varchar(30) DEFAULT NULL COMMENT 'ç”Ÿæˆä¸šåŠ¡å',
  `function_name` varchar(50) DEFAULT NULL COMMENT 'ç”ŸæˆåŠŸèƒ½å',
  `function_author` varchar(50) DEFAULT NULL COMMENT 'ç”ŸæˆåŠŸèƒ½ä½œè€…',
  `options` varchar(1000) DEFAULT NULL COMMENT 'å…¶å®ƒç”Ÿæˆé€‰é¡¹',
  `create_by` varchar(64) DEFAULT '' COMMENT 'åˆ›å»ºè€…',
  `create_time` datetime DEFAULT NULL COMMENT 'åˆ›å»ºæ—¶é—´',
  `update_by` varchar(64) DEFAULT '' COMMENT 'æ›´æ–°è€…',
  `update_time` datetime DEFAULT NULL COMMENT 'æ›´æ–°æ—¶é—´',
  `remark` varchar(500) DEFAULT NULL COMMENT 'å¤‡æ³¨',
  PRIMARY KEY (`table_id`)
) ENGINE=InnoDB DEFAULT CHARSET=utf8mb4 COLLATE=utf8mb4_0900_ai_ci COMMENT='ä»£ç ç”Ÿæˆä¸šåŠ¡è¡¨';
/*!40101 SET character_set_client = @saved_cs_client */;

--
-- Dumping data for table `gen_table`
--

LOCK TABLES `gen_table` WRITE;
/*!40000 ALTER TABLE `gen_table` DISABLE KEYS */;
/*!40000 ALTER TABLE `gen_table` ENABLE KEYS */;
UNLOCK TABLES;

--
-- Table structure for table `gen_table_column`
--

DROP TABLE IF EXISTS `gen_table_column`;
/*!40101 SET @saved_cs_client     = @@character_set_client */;
 SET character_set_client = utf8mb4 ;
CREATE TABLE `gen_table_column` (
  `column_id` bigint(20) NOT NULL AUTO_INCREMENT COMMENT 'ç¼–å·',
  `table_id` varchar(64) DEFAULT NULL COMMENT 'å½’å±è¡¨ç¼–å·',
  `column_name` varchar(200) DEFAULT NULL COMMENT 'åˆ—åç§°',
  `column_comment` varchar(500) DEFAULT NULL COMMENT 'åˆ—æè¿°',
  `column_type` varchar(100) DEFAULT NULL COMMENT 'åˆ—ç±»å‹',
  `java_type` varchar(500) DEFAULT NULL COMMENT 'JAVAç±»å‹',
  `java_field` varchar(200) DEFAULT NULL COMMENT 'JAVAå­—æ®µå',
  `is_pk` char(1) DEFAULT NULL COMMENT 'æ˜¯å¦ä¸»é”®ï¼ˆ1æ˜¯ï¼‰',
  `is_increment` char(1) DEFAULT NULL COMMENT 'æ˜¯å¦è‡ªå¢ï¼ˆ1æ˜¯ï¼‰',
  `is_required` char(1) DEFAULT NULL COMMENT 'æ˜¯å¦å¿…å¡«ï¼ˆ1æ˜¯ï¼‰',
  `is_insert` char(1) DEFAULT NULL COMMENT 'æ˜¯å¦ä¸ºæ’å…¥å­—æ®µï¼ˆ1æ˜¯ï¼‰',
  `is_edit` char(1) DEFAULT NULL COMMENT 'æ˜¯å¦ç¼–è¾‘å­—æ®µï¼ˆ1æ˜¯ï¼‰',
  `is_list` char(1) DEFAULT NULL COMMENT 'æ˜¯å¦åˆ—è¡¨å­—æ®µï¼ˆ1æ˜¯ï¼‰',
  `is_query` char(1) DEFAULT NULL COMMENT 'æ˜¯å¦æŸ¥è¯¢å­—æ®µï¼ˆ1æ˜¯ï¼‰',
  `query_type` varchar(200) DEFAULT '=' COMMENT 'æŸ¥è¯¢æ–¹å¼ï¼ˆç­‰äºã€ä¸ç­‰äºã€å¤§äºã€å°äºã€èŒƒå›´ï¼‰',
  `html_type` varchar(200) DEFAULT NULL COMMENT 'æ˜¾ç¤ºç±»å‹ï¼ˆæ–‡æœ¬æ¡†ã€æ–‡æœ¬åŸŸã€ä¸‹æ‹‰æ¡†ã€å¤é€‰æ¡†ã€å•é€‰æ¡†ã€æ—¥æœŸæ§ä»¶ï¼‰',
  `dict_type` varchar(200) DEFAULT '' COMMENT 'å­—å…¸ç±»å‹',
  `sort` int(11) DEFAULT NULL COMMENT 'æ’åº',
  `create_by` varchar(64) DEFAULT '' COMMENT 'åˆ›å»ºè€…',
  `create_time` datetime DEFAULT NULL COMMENT 'åˆ›å»ºæ—¶é—´',
  `update_by` varchar(64) DEFAULT '' COMMENT 'æ›´æ–°è€…',
  `update_time` datetime DEFAULT NULL COMMENT 'æ›´æ–°æ—¶é—´',
  PRIMARY KEY (`column_id`)
) ENGINE=InnoDB DEFAULT CHARSET=utf8mb4 COLLATE=utf8mb4_0900_ai_ci COMMENT='ä»£ç ç”Ÿæˆä¸šåŠ¡è¡¨å­—æ®µ';
/*!40101 SET character_set_client = @saved_cs_client */;

--
-- Dumping data for table `gen_table_column`
--

LOCK TABLES `gen_table_column` WRITE;
/*!40000 ALTER TABLE `gen_table_column` DISABLE KEYS */;
/*!40000 ALTER TABLE `gen_table_column` ENABLE KEYS */;
UNLOCK TABLES;

--
-- Table structure for table `qrtz_blob_triggers`
--

DROP TABLE IF EXISTS `qrtz_blob_triggers`;
/*!40101 SET @saved_cs_client     = @@character_set_client */;
 SET character_set_client = utf8mb4 ;
CREATE TABLE `qrtz_blob_triggers` (
  `sched_name` varchar(120) NOT NULL,
  `trigger_name` varchar(200) NOT NULL,
  `trigger_group` varchar(200) NOT NULL,
  `blob_data` blob,
  PRIMARY KEY (`sched_name`,`trigger_name`,`trigger_group`),
  CONSTRAINT `qrtz_blob_triggers_ibfk_1` FOREIGN KEY (`sched_name`, `trigger_name`, `trigger_group`) REFERENCES `qrtz_triggers` (`sched_name`, `trigger_name`, `trigger_group`)
) ENGINE=InnoDB DEFAULT CHARSET=utf8mb4 COLLATE=utf8mb4_0900_ai_ci;
/*!40101 SET character_set_client = @saved_cs_client */;

--
-- Dumping data for table `qrtz_blob_triggers`
--

LOCK TABLES `qrtz_blob_triggers` WRITE;
/*!40000 ALTER TABLE `qrtz_blob_triggers` DISABLE KEYS */;
/*!40000 ALTER TABLE `qrtz_blob_triggers` ENABLE KEYS */;
UNLOCK TABLES;

--
-- Table structure for table `qrtz_calendars`
--

DROP TABLE IF EXISTS `qrtz_calendars`;
/*!40101 SET @saved_cs_client     = @@character_set_client */;
 SET character_set_client = utf8mb4 ;
CREATE TABLE `qrtz_calendars` (
  `sched_name` varchar(120) NOT NULL,
  `calendar_name` varchar(200) NOT NULL,
  `calendar` blob NOT NULL,
  PRIMARY KEY (`sched_name`,`calendar_name`)
) ENGINE=InnoDB DEFAULT CHARSET=utf8mb4 COLLATE=utf8mb4_0900_ai_ci;
/*!40101 SET character_set_client = @saved_cs_client */;

--
-- Dumping data for table `qrtz_calendars`
--

LOCK TABLES `qrtz_calendars` WRITE;
/*!40000 ALTER TABLE `qrtz_calendars` DISABLE KEYS */;
/*!40000 ALTER TABLE `qrtz_calendars` ENABLE KEYS */;
UNLOCK TABLES;

--
-- Table structure for table `qrtz_cron_triggers`
--

DROP TABLE IF EXISTS `qrtz_cron_triggers`;
/*!40101 SET @saved_cs_client     = @@character_set_client */;
 SET character_set_client = utf8mb4 ;
CREATE TABLE `qrtz_cron_triggers` (
  `sched_name` varchar(120) NOT NULL,
  `trigger_name` varchar(200) NOT NULL,
  `trigger_group` varchar(200) NOT NULL,
  `cron_expression` varchar(200) NOT NULL,
  `time_zone_id` varchar(80) DEFAULT NULL,
  PRIMARY KEY (`sched_name`,`trigger_name`,`trigger_group`),
  CONSTRAINT `qrtz_cron_triggers_ibfk_1` FOREIGN KEY (`sched_name`, `trigger_name`, `trigger_group`) REFERENCES `qrtz_triggers` (`sched_name`, `trigger_name`, `trigger_group`)
) ENGINE=InnoDB DEFAULT CHARSET=utf8mb4 COLLATE=utf8mb4_0900_ai_ci;
/*!40101 SET character_set_client = @saved_cs_client */;

--
-- Dumping data for table `qrtz_cron_triggers`
--

LOCK TABLES `qrtz_cron_triggers` WRITE;
/*!40000 ALTER TABLE `qrtz_cron_triggers` DISABLE KEYS */;
INSERT INTO `qrtz_cron_triggers` VALUES ('RuoyiScheduler','TASK_CLASS_NAME1','DEFAULT','0/10 * * * * ?','Asia/Shanghai'),('RuoyiScheduler','TASK_CLASS_NAME2','DEFAULT','0/15 * * * * ?','Asia/Shanghai'),('RuoyiScheduler','TASK_CLASS_NAME3','DEFAULT','0/20 * * * * ?','Asia/Shanghai');
/*!40000 ALTER TABLE `qrtz_cron_triggers` ENABLE KEYS */;
UNLOCK TABLES;

--
-- Table structure for table `qrtz_fired_triggers`
--

DROP TABLE IF EXISTS `qrtz_fired_triggers`;
/*!40101 SET @saved_cs_client     = @@character_set_client */;
 SET character_set_client = utf8mb4 ;
CREATE TABLE `qrtz_fired_triggers` (
  `sched_name` varchar(120) NOT NULL,
  `entry_id` varchar(95) NOT NULL,
  `trigger_name` varchar(200) NOT NULL,
  `trigger_group` varchar(200) NOT NULL,
  `instance_name` varchar(200) NOT NULL,
  `fired_time` bigint(13) NOT NULL,
  `sched_time` bigint(13) NOT NULL,
  `priority` int(11) NOT NULL,
  `state` varchar(16) NOT NULL,
  `job_name` varchar(200) DEFAULT NULL,
  `job_group` varchar(200) DEFAULT NULL,
  `is_nonconcurrent` varchar(1) DEFAULT NULL,
  `requests_recovery` varchar(1) DEFAULT NULL,
  PRIMARY KEY (`sched_name`,`entry_id`)
) ENGINE=InnoDB DEFAULT CHARSET=utf8mb4 COLLATE=utf8mb4_0900_ai_ci;
/*!40101 SET character_set_client = @saved_cs_client */;

--
-- Dumping data for table `qrtz_fired_triggers`
--

LOCK TABLES `qrtz_fired_triggers` WRITE;
/*!40000 ALTER TABLE `qrtz_fired_triggers` DISABLE KEYS */;
/*!40000 ALTER TABLE `qrtz_fired_triggers` ENABLE KEYS */;
UNLOCK TABLES;

--
-- Table structure for table `qrtz_job_details`
--

DROP TABLE IF EXISTS `qrtz_job_details`;
/*!40101 SET @saved_cs_client     = @@character_set_client */;
 SET character_set_client = utf8mb4 ;
CREATE TABLE `qrtz_job_details` (
  `sched_name` varchar(120) NOT NULL,
  `job_name` varchar(200) NOT NULL,
  `job_group` varchar(200) NOT NULL,
  `description` varchar(250) DEFAULT NULL,
  `job_class_name` varchar(250) NOT NULL,
  `is_durable` varchar(1) NOT NULL,
  `is_nonconcurrent` varchar(1) NOT NULL,
  `is_update_data` varchar(1) NOT NULL,
  `requests_recovery` varchar(1) NOT NULL,
  `job_data` blob,
  PRIMARY KEY (`sched_name`,`job_name`,`job_group`)
) ENGINE=InnoDB DEFAULT CHARSET=utf8mb4 COLLATE=utf8mb4_0900_ai_ci;
/*!40101 SET character_set_client = @saved_cs_client */;

--
-- Dumping data for table `qrtz_job_details`
--

LOCK TABLES `qrtz_job_details` WRITE;
/*!40000 ALTER TABLE `qrtz_job_details` DISABLE KEYS */;
INSERT INTO `qrtz_job_details` VALUES ('RuoyiScheduler','TASK_CLASS_NAME1','DEFAULT',NULL,'com.ruoyi.quartz.util.QuartzDisallowConcurrentExecution','0','1','0','0',_binary '¬\í\0sr\0org.quartz.JobDataMapŸ°ƒè¿©°\Ë\0\0xr\0&org.quartz.utils.StringKeyDirtyFlagMap‚\è\Ãû\Å](\0Z\0allowsTransientDataxr\0org.quartz.utils.DirtyFlagMap\æ.­(v\n\Î\0Z\0dirtyL\0mapt\0Ljava/util/Map;xpsr\0java.util.HashMap\ÚÁ\Ã`\Ñ\0F\0\nloadFactorI\0	thresholdxp?@\0\0\0\0\0w\0\0\0\0\0\0t\0TASK_PROPERTIESsr\0com.ruoyi.quartz.domain.SysJob\0\0\0\0\0\0\0\0L\0\nconcurrentt\0Ljava/lang/String;L\0cronExpressionq\0~\0	L\0invokeTargetq\0~\0	L\0jobGroupq\0~\0	L\0jobIdt\0Ljava/lang/Long;L\0jobNameq\0~\0	L\0\rmisfirePolicyq\0~\0	L\0statusq\0~\0	xr\0\'com.ruoyi.common.core.domain.BaseEntity\0\0\0\0\0\0\0\0L\0createByq\0~\0	L\0\ncreateTimet\0Ljava/util/Date;L\0paramsq\0~\0L\0remarkq\0~\0	L\0searchValueq\0~\0	L\0updateByq\0~\0	L\0\nupdateTimeq\0~\0xpt\0adminsr\0java.util.DatehjKYt\0\0xpw\0\0b,\Ş)\àxpt\0\0pppt\01t\00/10 * * * * ?t\0ryTask.ryNoParamst\0DEFAULTsr\0java.lang.Long;‹\äÌ#\ß\0J\0valuexr\0java.lang.Number†¬•”\à‹\0\0xp\0\0\0\0\0\0\0t\0ç³»ç»Ÿé»˜è®¤ï¼ˆæ— å‚ï¼‰t\03t\01x\0'),('RuoyiScheduler','TASK_CLASS_NAME2','DEFAULT',NULL,'com.ruoyi.quartz.util.QuartzDisallowConcurrentExecution','0','1','0','0',_binary '¬\í\0sr\0org.quartz.JobDataMapŸ°ƒè¿©°\Ë\0\0xr\0&org.quartz.utils.StringKeyDirtyFlagMap‚\è\Ãû\Å](\0Z\0allowsTransientDataxr\0org.quartz.utils.DirtyFlagMap\æ.­(v\n\Î\0Z\0dirtyL\0mapt\0Ljava/util/Map;xpsr\0java.util.HashMap\ÚÁ\Ã`\Ñ\0F\0\nloadFactorI\0	thresholdxp?@\0\0\0\0\0w\0\0\0\0\0\0t\0TASK_PROPERTIESsr\0com.ruoyi.quartz.domain.SysJob\0\0\0\0\0\0\0\0L\0\nconcurrentt\0Ljava/lang/String;L\0cronExpressionq\0~\0	L\0invokeTargetq\0~\0	L\0jobGroupq\0~\0	L\0jobIdt\0Ljava/lang/Long;L\0jobNameq\0~\0	L\0\rmisfirePolicyq\0~\0	L\0statusq\0~\0	xr\0\'com.ruoyi.common.core.domain.BaseEntity\0\0\0\0\0\0\0\0L\0createByq\0~\0	L\0\ncreateTimet\0Ljava/util/Date;L\0paramsq\0~\0L\0remarkq\0~\0	L\0searchValueq\0~\0	L\0updateByq\0~\0	L\0\nupdateTimeq\0~\0xpt\0adminsr\0java.util.DatehjKYt\0\0xpw\0\0b,\Ş)\àxpt\0\0pppt\01t\00/15 * * * * ?t\0ryTask.ryParams(\'ry\')t\0DEFAULTsr\0java.lang.Long;‹\äÌ#\ß\0J\0valuexr\0java.lang.Number†¬•”\à‹\0\0xp\0\0\0\0\0\0\0t\0ç³»ç»Ÿé»˜è®¤ï¼ˆæœ‰å‚ï¼‰t\03t\01x\0'),('RuoyiScheduler','TASK_CLASS_NAME3','DEFAULT',NULL,'com.ruoyi.quartz.util.QuartzDisallowConcurrentExecution','0','1','0','0',_binary '¬\í\0sr\0org.quartz.JobDataMapŸ°ƒè¿©°\Ë\0\0xr\0&org.quartz.utils.StringKeyDirtyFlagMap‚\è\Ãû\Å](\0Z\0allowsTransientDataxr\0org.quartz.utils.DirtyFlagMap\æ.­(v\n\Î\0Z\0dirtyL\0mapt\0Ljava/util/Map;xpsr\0java.util.HashMap\ÚÁ\Ã`\Ñ\0F\0\nloadFactorI\0	thresholdxp?@\0\0\0\0\0w\0\0\0\0\0\0t\0TASK_PROPERTIESsr\0com.ruoyi.quartz.domain.SysJob\0\0\0\0\0\0\0\0L\0\nconcurrentt\0Ljava/lang/String;L\0cronExpressionq\0~\0	L\0invokeTargetq\0~\0	L\0jobGroupq\0~\0	L\0jobIdt\0Ljava/lang/Long;L\0jobNameq\0~\0	L\0\rmisfirePolicyq\0~\0	L\0statusq\0~\0	xr\0\'com.ruoyi.common.core.domain.BaseEntity\0\0\0\0\0\0\0\0L\0createByq\0~\0	L\0\ncreateTimet\0Ljava/util/Date;L\0paramsq\0~\0L\0remarkq\0~\0	L\0searchValueq\0~\0	L\0updateByq\0~\0	L\0\nupdateTimeq\0~\0xpt\0adminsr\0java.util.DatehjKYt\0\0xpw\0\0b,\Ş)\àxpt\0\0pppt\01t\00/20 * * * * ?t\08ryTask.ryMultipleParams(\'ry\', true, 2000L, 316.50D, 100)t\0DEFAULTsr\0java.lang.Long;‹\äÌ#\ß\0J\0valuexr\0java.lang.Number†¬•”\à‹\0\0xp\0\0\0\0\0\0\0t\0ç³»ç»Ÿé»˜è®¤ï¼ˆå¤šå‚ï¼‰t\03t\01x\0');
/*!40000 ALTER TABLE `qrtz_job_details` ENABLE KEYS */;
UNLOCK TABLES;

--
-- Table structure for table `qrtz_locks`
--

DROP TABLE IF EXISTS `qrtz_locks`;
/*!40101 SET @saved_cs_client     = @@character_set_client */;
 SET character_set_client = utf8mb4 ;
CREATE TABLE `qrtz_locks` (
  `sched_name` varchar(120) NOT NULL,
  `lock_name` varchar(40) NOT NULL,
  PRIMARY KEY (`sched_name`,`lock_name`)
) ENGINE=InnoDB DEFAULT CHARSET=utf8mb4 COLLATE=utf8mb4_0900_ai_ci;
/*!40101 SET character_set_client = @saved_cs_client */;

--
-- Dumping data for table `qrtz_locks`
--

LOCK TABLES `qrtz_locks` WRITE;
/*!40000 ALTER TABLE `qrtz_locks` DISABLE KEYS */;
INSERT INTO `qrtz_locks` VALUES ('RuoyiScheduler','STATE_ACCESS'),('RuoyiScheduler','TRIGGER_ACCESS');
/*!40000 ALTER TABLE `qrtz_locks` ENABLE KEYS */;
UNLOCK TABLES;

--
-- Table structure for table `qrtz_paused_trigger_grps`
--

DROP TABLE IF EXISTS `qrtz_paused_trigger_grps`;
/*!40101 SET @saved_cs_client     = @@character_set_client */;
 SET character_set_client = utf8mb4 ;
CREATE TABLE `qrtz_paused_trigger_grps` (
  `sched_name` varchar(120) NOT NULL,
  `trigger_group` varchar(200) NOT NULL,
  PRIMARY KEY (`sched_name`,`trigger_group`)
) ENGINE=InnoDB DEFAULT CHARSET=utf8mb4 COLLATE=utf8mb4_0900_ai_ci;
/*!40101 SET character_set_client = @saved_cs_client */;

--
-- Dumping data for table `qrtz_paused_trigger_grps`
--

LOCK TABLES `qrtz_paused_trigger_grps` WRITE;
/*!40000 ALTER TABLE `qrtz_paused_trigger_grps` DISABLE KEYS */;
/*!40000 ALTER TABLE `qrtz_paused_trigger_grps` ENABLE KEYS */;
UNLOCK TABLES;

--
-- Table structure for table `qrtz_scheduler_state`
--

DROP TABLE IF EXISTS `qrtz_scheduler_state`;
/*!40101 SET @saved_cs_client     = @@character_set_client */;
 SET character_set_client = utf8mb4 ;
CREATE TABLE `qrtz_scheduler_state` (
  `sched_name` varchar(120) NOT NULL,
  `instance_name` varchar(200) NOT NULL,
  `last_checkin_time` bigint(13) NOT NULL,
  `checkin_interval` bigint(13) NOT NULL,
  PRIMARY KEY (`sched_name`,`instance_name`)
) ENGINE=InnoDB DEFAULT CHARSET=utf8mb4 COLLATE=utf8mb4_0900_ai_ci;
/*!40101 SET character_set_client = @saved_cs_client */;

--
-- Dumping data for table `qrtz_scheduler_state`
--

LOCK TABLES `qrtz_scheduler_state` WRITE;
/*!40000 ALTER TABLE `qrtz_scheduler_state` DISABLE KEYS */;
INSERT INTO `qrtz_scheduler_state` VALUES ('RuoyiScheduler','DESKTOP-AJIQBL31566627952932',1566628499138,15000);
/*!40000 ALTER TABLE `qrtz_scheduler_state` ENABLE KEYS */;
UNLOCK TABLES;

--
-- Table structure for table `qrtz_simple_triggers`
--

DROP TABLE IF EXISTS `qrtz_simple_triggers`;
/*!40101 SET @saved_cs_client     = @@character_set_client */;
 SET character_set_client = utf8mb4 ;
CREATE TABLE `qrtz_simple_triggers` (
  `sched_name` varchar(120) NOT NULL,
  `trigger_name` varchar(200) NOT NULL,
  `trigger_group` varchar(200) NOT NULL,
  `repeat_count` bigint(7) NOT NULL,
  `repeat_interval` bigint(12) NOT NULL,
  `times_triggered` bigint(10) NOT NULL,
  PRIMARY KEY (`sched_name`,`trigger_name`,`trigger_group`),
  CONSTRAINT `qrtz_simple_triggers_ibfk_1` FOREIGN KEY (`sched_name`, `trigger_name`, `trigger_group`) REFERENCES `qrtz_triggers` (`sched_name`, `trigger_name`, `trigger_group`)
) ENGINE=InnoDB DEFAULT CHARSET=utf8mb4 COLLATE=utf8mb4_0900_ai_ci;
/*!40101 SET character_set_client = @saved_cs_client */;

--
-- Dumping data for table `qrtz_simple_triggers`
--

LOCK TABLES `qrtz_simple_triggers` WRITE;
/*!40000 ALTER TABLE `qrtz_simple_triggers` DISABLE KEYS */;
/*!40000 ALTER TABLE `qrtz_simple_triggers` ENABLE KEYS */;
UNLOCK TABLES;

--
-- Table structure for table `qrtz_simprop_triggers`
--

DROP TABLE IF EXISTS `qrtz_simprop_triggers`;
/*!40101 SET @saved_cs_client     = @@character_set_client */;
 SET character_set_client = utf8mb4 ;
CREATE TABLE `qrtz_simprop_triggers` (
  `sched_name` varchar(120) NOT NULL,
  `trigger_name` varchar(200) NOT NULL,
  `trigger_group` varchar(200) NOT NULL,
  `str_prop_1` varchar(512) DEFAULT NULL,
  `str_prop_2` varchar(512) DEFAULT NULL,
  `str_prop_3` varchar(512) DEFAULT NULL,
  `int_prop_1` int(11) DEFAULT NULL,
  `int_prop_2` int(11) DEFAULT NULL,
  `long_prop_1` bigint(20) DEFAULT NULL,
  `long_prop_2` bigint(20) DEFAULT NULL,
  `dec_prop_1` decimal(13,4) DEFAULT NULL,
  `dec_prop_2` decimal(13,4) DEFAULT NULL,
  `bool_prop_1` varchar(1) DEFAULT NULL,
  `bool_prop_2` varchar(1) DEFAULT NULL,
  PRIMARY KEY (`sched_name`,`trigger_name`,`trigger_group`),
  CONSTRAINT `qrtz_simprop_triggers_ibfk_1` FOREIGN KEY (`sched_name`, `trigger_name`, `trigger_group`) REFERENCES `qrtz_triggers` (`sched_name`, `trigger_name`, `trigger_group`)
) ENGINE=InnoDB DEFAULT CHARSET=utf8mb4 COLLATE=utf8mb4_0900_ai_ci;
/*!40101 SET character_set_client = @saved_cs_client */;

--
-- Dumping data for table `qrtz_simprop_triggers`
--

LOCK TABLES `qrtz_simprop_triggers` WRITE;
/*!40000 ALTER TABLE `qrtz_simprop_triggers` DISABLE KEYS */;
/*!40000 ALTER TABLE `qrtz_simprop_triggers` ENABLE KEYS */;
UNLOCK TABLES;

--
-- Table structure for table `qrtz_triggers`
--

DROP TABLE IF EXISTS `qrtz_triggers`;
/*!40101 SET @saved_cs_client     = @@character_set_client */;
 SET character_set_client = utf8mb4 ;
CREATE TABLE `qrtz_triggers` (
  `sched_name` varchar(120) NOT NULL,
  `trigger_name` varchar(200) NOT NULL,
  `trigger_group` varchar(200) NOT NULL,
  `job_name` varchar(200) NOT NULL,
  `job_group` varchar(200) NOT NULL,
  `description` varchar(250) DEFAULT NULL,
  `next_fire_time` bigint(13) DEFAULT NULL,
  `prev_fire_time` bigint(13) DEFAULT NULL,
  `priority` int(11) DEFAULT NULL,
  `trigger_state` varchar(16) NOT NULL,
  `trigger_type` varchar(8) NOT NULL,
  `start_time` bigint(13) NOT NULL,
  `end_time` bigint(13) DEFAULT NULL,
  `calendar_name` varchar(200) DEFAULT NULL,
  `misfire_instr` smallint(2) DEFAULT NULL,
  `job_data` blob,
  PRIMARY KEY (`sched_name`,`trigger_name`,`trigger_group`),
  KEY `sched_name` (`sched_name`,`job_name`,`job_group`),
  CONSTRAINT `qrtz_triggers_ibfk_1` FOREIGN KEY (`sched_name`, `job_name`, `job_group`) REFERENCES `qrtz_job_details` (`sched_name`, `job_name`, `job_group`)
) ENGINE=InnoDB DEFAULT CHARSET=utf8mb4 COLLATE=utf8mb4_0900_ai_ci;
/*!40101 SET character_set_client = @saved_cs_client */;

--
-- Dumping data for table `qrtz_triggers`
--

LOCK TABLES `qrtz_triggers` WRITE;
/*!40000 ALTER TABLE `qrtz_triggers` DISABLE KEYS */;
INSERT INTO `qrtz_triggers` VALUES ('RuoyiScheduler','TASK_CLASS_NAME1','DEFAULT','TASK_CLASS_NAME1','DEFAULT',NULL,1566627960000,-1,5,'PAUSED','CRON',1566627953000,0,NULL,2,''),('RuoyiScheduler','TASK_CLASS_NAME2','DEFAULT','TASK_CLASS_NAME2','DEFAULT',NULL,1566627960000,-1,5,'PAUSED','CRON',1566627953000,0,NULL,2,''),('RuoyiScheduler','TASK_CLASS_NAME3','DEFAULT','TASK_CLASS_NAME3','DEFAULT',NULL,1566627960000,-1,5,'PAUSED','CRON',1566627953000,0,NULL,2,'');
/*!40000 ALTER TABLE `qrtz_triggers` ENABLE KEYS */;
UNLOCK TABLES;

--
-- Table structure for table `sys_config`
--

DROP TABLE IF EXISTS `sys_config`;
/*!40101 SET @saved_cs_client     = @@character_set_client */;
 SET character_set_client = utf8mb4 ;
CREATE TABLE `sys_config` (
  `config_id` int(5) NOT NULL AUTO_INCREMENT COMMENT 'å‚æ•°ä¸»é”®',
  `config_name` varchar(100) DEFAULT '' COMMENT 'å‚æ•°åç§°',
  `config_key` varchar(100) DEFAULT '' COMMENT 'å‚æ•°é”®å',
  `config_value` varchar(500) DEFAULT '' COMMENT 'å‚æ•°é”®å€¼',
  `config_type` char(1) DEFAULT 'N' COMMENT 'ç³»ç»Ÿå†…ç½®ï¼ˆYæ˜¯ Nå¦ï¼‰',
  `create_by` varchar(64) DEFAULT '' COMMENT 'åˆ›å»ºè€…',
  `create_time` datetime DEFAULT NULL COMMENT 'åˆ›å»ºæ—¶é—´',
  `update_by` varchar(64) DEFAULT '' COMMENT 'æ›´æ–°è€…',
  `update_time` datetime DEFAULT NULL COMMENT 'æ›´æ–°æ—¶é—´',
  `remark` varchar(500) DEFAULT NULL COMMENT 'å¤‡æ³¨',
  PRIMARY KEY (`config_id`)
) ENGINE=InnoDB AUTO_INCREMENT=100 DEFAULT CHARSET=utf8mb4 COLLATE=utf8mb4_0900_ai_ci COMMENT='å‚æ•°é…ç½®è¡¨';
/*!40101 SET character_set_client = @saved_cs_client */;

--
-- Dumping data for table `sys_config`
--

LOCK TABLES `sys_config` WRITE;
/*!40000 ALTER TABLE `sys_config` DISABLE KEYS */;
INSERT INTO `sys_config` VALUES (1,'ä¸»æ¡†æ¶é¡µ-é»˜è®¤çš®è‚¤æ ·å¼åç§°','sys.index.skinName','skin-blue','Y','admin','2018-03-16 11:33:00','ry','2018-03-16 11:33:00','è“è‰² skin-blueã€ç»¿è‰² skin-greenã€ç´«è‰² skin-purpleã€çº¢è‰² skin-redã€é»„è‰² skin-yellow'),(2,'ç”¨æˆ·ç®¡ç†-è´¦å·åˆå§‹å¯†ç ','sys.user.initPassword','123456','Y','admin','2018-03-16 11:33:00','ry','2018-03-16 11:33:00','åˆå§‹åŒ–å¯†ç  123456'),(3,'ä¸»æ¡†æ¶é¡µ-ä¾§è¾¹æ ä¸»é¢˜','sys.index.sideTheme','theme-dark','Y','admin','2018-03-16 11:33:00','ry','2018-03-16 11:33:00','æ·±è‰²ä¸»é¢˜theme-darkï¼Œæµ…è‰²ä¸»é¢˜theme-light');
/*!40000 ALTER TABLE `sys_config` ENABLE KEYS */;
UNLOCK TABLES;

--
-- Table structure for table `sys_cteph`
--

DROP TABLE IF EXISTS `sys_cteph`;
/*!40101 SET @saved_cs_client     = @@character_set_client */;
 SET character_set_client = utf8mb4 ;
CREATE TABLE `sys_cteph` (
  `id` int(11) NOT NULL AUTO_INCREMENT COMMENT 'ä¸»é”®',
  `code` varchar(20) DEFAULT NULL COMMENT 'ç¼–ç ',
  `department` int(11) DEFAULT NULL COMMENT 'ç§‘å®¤',
  `maker` int(11) DEFAULT NULL COMMENT 'åˆ¶è¡¨äºº',
  `patient_name` varchar(20) DEFAULT NULL COMMENT 'æ‚£è€…å§“å',
  `patient_sex` int(11) DEFAULT NULL COMMENT 'æ‚£è€…æ€§åˆ«',
  `patient_address` varchar(200) DEFAULT NULL COMMENT 'æ‚£è€…åœ°å€',
  `birthday` date DEFAULT NULL COMMENT 'ç”Ÿæ—¥',
  `height` float DEFAULT NULL COMMENT 'èº«é«˜',
  `weight` float DEFAULT NULL COMMENT 'ä½“é‡',
  `firsttime` datetime DEFAULT NULL COMMENT 'é¦–å‘ç—‡çŠ¶æ—¶é—´',
  `specialsigns` int(11) DEFAULT NULL COMMENT 'ç‰¹æ®Šä¸´åºŠç—‡çŠ¶ä½“å¾',
  `vtehistory` int(11) DEFAULT NULL COMMENT 'æ—¢å¾€é™è„‰è¡€æ “æ “å¡ç—‡ï¼ˆVTEï¼‰ç—…å²',
  `ape` int(11) DEFAULT NULL COMMENT 'æ€¥æ€§è‚ºæ “å¡',
  `ledvt` int(11) DEFAULT NULL COMMENT 'ä¸‹è‚¢æ·±é™è„‰è¡€æ “',
  `otherthrombus` varchar(200) DEFAULT NULL COMMENT 'å…¶ä»–éƒ¨ä½æ·±é™è„‰è¡€æ “',
  `firstvtetime` datetime DEFAULT NULL COMMENT 'é¦–å‘VTEäº‹ä»¶æ—¶é—´',
  `vterelapse` int(11) DEFAULT NULL COMMENT 'æ˜¯å¦æœ‰VTEäº‹ä»¶å¤å‘',
  `malignanttumor` int(11) DEFAULT NULL COMMENT 'æ¶æ€§è‚¿ç˜¤',
  `specifictumor` varchar(200) DEFAULT NULL COMMENT 'å…·ä½“è‚¿ç˜¤è¯Šæ–­',
  `malignanttumordate` date DEFAULT NULL COMMENT 'è¯Šæ–­æ—¶é—´',
  `splenectomy` int(11) DEFAULT NULL COMMENT 'è„¾åˆ‡é™¤',
  `splenectormydate` date DEFAULT NULL COMMENT 'è„¾åˆ‡é™¤æ‰‹æœ¯æ—¶é—´',
  `pacemaker` int(11) DEFAULT NULL COMMENT 'èµ·æå™¨æ¤å…¥',
  `pacemakerdate` date DEFAULT NULL COMMENT 'èµ·æå™¨æ¤å…¥æ—¶é—´',
  `atrialhistory` int(11) DEFAULT NULL COMMENT 'è„‘å®¤å¿ƒæˆ¿åˆ†æµæ‰‹æœ¯',
  `atrialhistorydate` date DEFAULT NULL COMMENT 'æ‰‹æœ¯æ—¶é—´',
  `levv` int(11) DEFAULT NULL COMMENT 'ä¸‹è‚¢é™è„‰æ›²å¼ ',
  `levvdate` date DEFAULT NULL COMMENT 'ä¸‹è‚¢é™è„‰æ›²å¼ è¯Šæ–­æ—¶é—´',
  `ibd` int(11) DEFAULT NULL COMMENT 'ç‚ç—‡æ€§è‚ ç—…',
  `ibddiagnosis` varchar(200) DEFAULT NULL COMMENT 'ç‚ç—‡æ€§è‚ ç—…å…·ä½“è¯Šæ–­',
  `ibddate` date DEFAULT NULL COMMENT 'ç‚ç—‡æ€§è‚ ç—…è¯Šæ–­æ—¶é—´',
  `connectivetissue` int(11) DEFAULT NULL COMMENT 'ç»“ç¼”ç»„ç»‡ç—…',
  `aas` int(11) DEFAULT NULL COMMENT 'æŠ—ç£·è„‚æŠ—ä½“ç»¼åˆå¾',
  `la` int(11) DEFAULT NULL COMMENT 'ç‹¼ç–®æŠ—å‡ç‰©ï¼ˆLAï¼‰',
  `acL_igg` int(11) DEFAULT NULL COMMENT 'ACL IgG',
  `acl_igm` int(11) DEFAULT NULL COMMENT 'ACL IgM',
  `lgg` int(11) DEFAULT NULL COMMENT 'Î²2GP1 IgG',
  `lgm` int(11) DEFAULT NULL COMMENT 'Î²2GP1 IgM',
  `sie` int(11) DEFAULT NULL COMMENT 'ç³»ç»Ÿæ€§çº¢æ–‘ç‹¼ç–®',
  `sjogrens` int(11) DEFAULT NULL COMMENT 'å¹²ç‡¥ç»¼åˆå¾',
  `ssclerosis` int(11) DEFAULT NULL COMMENT 'ç³»ç»Ÿæ€§ç¡¬åŒ–ç—‡',
  `mctd` int(11) DEFAULT NULL COMMENT 'æ··åˆæ€§ç»“ç¼”ç»„ç»‡ç—…',
  `rarthritis` int(11) DEFAULT NULL COMMENT 'ç±»é£æ¹¿æ€§å…³èŠ‚ç‚',
  `uctd` int(11) DEFAULT NULL COMMENT 'æœªåˆ†åŒ–ç»“ç¼”ç»„ç»‡ç—…',
  `octd` int(11) DEFAULT NULL COMMENT 'å…¶ä»–ç»“ç¼”ç»„ç»‡ç—…',
  `octdspecific` varchar(200) DEFAULT NULL COMMENT 'å…·ä½“å…¶ä»–ç»“ç¼”ç»„ç»‡ç—…',
  `hps` int(11) DEFAULT NULL COMMENT 'é«˜åŒå‹åŠèƒ±æ°¨é…¸ï¼ˆHCYï¼‰è¡€ç—‡',
  `hcylevel` float DEFAULT NULL COMMENT 'HCYæ°´å¹³',
  `maximum` float DEFAULT NULL COMMENT 'å‚è€ƒå€¼ä¸Šé™',
  `threeitems` int(11) DEFAULT NULL COMMENT 'æ˜“æ “ä¸‰é¡¹',
  `at` float DEFAULT NULL COMMENT 'ATIII %',
  `proteins` float DEFAULT NULL COMMENT 'è›‹ç™½S',
  `proteinc` float DEFAULT NULL COMMENT 'è›‹ç™½C',
  `hat` int(11) DEFAULT NULL COMMENT 'æ£€æµ‹æ—¶æˆ–ä¹‹å‰7æ—¥æ˜¯å¦æ¥å—åæ³•æ—æŠ—å‡æ²»ç–—',
  `otherriskjudge` int(11) DEFAULT NULL COMMENT 'å…¶ä»–å±é™©å› ç´ ',
  `otherrisk` varchar(20) DEFAULT NULL COMMENT 'å…·ä½“å±é™©å› ç´ ',
  `hypertension` int(11) DEFAULT NULL COMMENT 'é«˜è¡€å‹',
  `coronaryheart` int(11) DEFAULT NULL COMMENT 'å† å¿ƒç—…',
  `revascularization` int(11) DEFAULT NULL COMMENT 'å† å¿ƒç—…æ˜¯å¦å·²è¡Œè¡€è¿é‡å»º',
  `diabetes` int(11) DEFAULT NULL COMMENT 'ç³–å°¿ç—…',
  `lhfailure` int(11) DEFAULT NULL COMMENT 'å·¦å¿ƒè¡°ç«­',
  `lhfailurespecific` int(11) DEFAULT NULL COMMENT 'å·¦å¿ƒè¡°ç«­å…·ä½“',
  `renalinsufficiency` int(11) DEFAULT NULL COMMENT 'æ…¢æ€§è‚¾åŠŸèƒ½ä¸å…¨',
  `cerebralinfarction` int(11) DEFAULT NULL COMMENT 'è„‘æ¢—å¡',
  `copd` int(11) DEFAULT NULL COMMENT 'æ…¢æ€§é˜»å¡æ€§è‚ºç–¾ç—…',
  `congenitalheart` int(11) DEFAULT NULL COMMENT 'å…ˆå¤©æ€§å¿ƒè„ç—…',
  `chdspecific` varchar(20) DEFAULT NULL COMMENT 'å…ˆå¤©æ€§å¿ƒè„ç—…å…·ä½“',
  `hypothyroidism` int(11) DEFAULT NULL COMMENT 'ç”²çŠ¶è…ºåŠŸèƒ½å‡ä½',
  `hyperthyroidism` int(11) DEFAULT NULL COMMENT 'ç”²çŠ¶è…ºåŠŸèƒ½äº¢è¿›',
  `anemia` int(11) DEFAULT NULL COMMENT 'è´«è¡€',
  `polycythemia` int(11) DEFAULT NULL COMMENT 'çº¢ç»†èƒå¢å¤šç—‡',
  `eosinophilia` int(11) DEFAULT NULL COMMENT 'å—œé…¸ç²’ç»†èƒå¢å¤šå¢å¤šç—‡',
  `plateletlower` int(11) DEFAULT NULL COMMENT 'è¡€å°æ¿å‡ä½',
  `plateletup` int(11) DEFAULT NULL COMMENT 'è¡€å°æ¿å¢å¤š',
  `othercomplications` int(11) DEFAULT NULL COMMENT 'å…¶ä»–é‡è¦åˆå¹¶ç–¾ç—…',
  `othercomplicationss` varchar(200) DEFAULT NULL COMMENT 'å…·ä½“ç–¾ç—…',
  `cteph` int(11) DEFAULT NULL COMMENT 'ç¡®è¯ŠCTEPHæ—¶å¿ƒåŠŸèƒ½åˆ†çº§',
  `sixmwd` int(11) DEFAULT NULL COMMENT '6MWDæ˜¯å¦è¿›è¡Œ',
  `noreason1` int(11) DEFAULT NULL COMMENT '6MWDæœªè¿›è¡ŒåŸå› ',
  `walking` float DEFAULT NULL COMMENT 'æ­¥è¡Œè·ç¦»ï¼ˆmï¼‰',
  `respiratory` int(11) DEFAULT NULL COMMENT 'å‘¼å¸åŠŸèƒ½',
  `vcmax` float DEFAULT NULL COMMENT 'VC MAX (%)',
  `tlc` float DEFAULT NULL COMMENT 'TLC (%)',
  `rv` float DEFAULT NULL COMMENT 'RV(%)',
  `rvtlc` float DEFAULT NULL COMMENT 'RV/TLC (%)',
  `fev1` float DEFAULT NULL COMMENT 'FEV1 (%)å®/é¢„',
  `fev1fvc` float DEFAULT NULL COMMENT 'FEV1/FVC (%)å®æµ‹',
  `fef` float DEFAULT NULL COMMENT 'FEF25-75 (%)',
  `tlcosb` float DEFAULT NULL COMMENT 'TLCO SB (%)',
  `tlcova` float DEFAULT NULL COMMENT 'TLCO/VA (%)',
  `cet` int(11) DEFAULT NULL COMMENT 'å¿ƒè‚ºè¿åŠ¨è¯•éªŒ',
  `heartmri` int(11) DEFAULT NULL COMMENT 'å¿ƒè„MRI',
  `ppi` int(11) DEFAULT NULL COMMENT 'è‚ºçŒæ³¨æ˜¾åƒ',
  `ctpat` int(11) DEFAULT NULL COMMENT 'CTè‚ºåŠ¨è„‰å¢å¼º',
  `mripae` int(11) DEFAULT NULL COMMENT 'MRIè‚ºåŠ¨è„‰å¢å¼º',
  `cmri` int(11) DEFAULT NULL,
  `rhc` int(11) DEFAULT NULL COMMENT 'å³å¿ƒå¯¼ç®¡',
  `noreason2` int(11) DEFAULT NULL COMMENT 'å³å¿ƒå¯¼ç®¡æœªåšåŸå› ',
  `otherreason` varchar(20) DEFAULT NULL COMMENT 'å…¶ä»–åŸå› ',
  `pa` int(11) DEFAULT NULL COMMENT 'è‚ºåŠ¨è„‰é€ å½±',
  `firstcatheter` datetime DEFAULT NULL COMMENT 'é¦–æ¬¡å¯¼ç®¡æ—¶é—´',
  `hr` float DEFAULT NULL COMMENT 'HR, bpm',
  `bpshrink` float DEFAULT NULL COMMENT 'BPæ”¶ç¼©(mm Hg)',
  `bprelaxation` float DEFAULT NULL COMMENT 'BPèˆ’å¼ (mm Hg)',
  `bpave` float DEFAULT NULL COMMENT 'BPå¹³å‡(mm Hg)',
  `rap` int(11) DEFAULT NULL COMMENT 'RAP',
  `rapshrink` float DEFAULT NULL COMMENT 'RAPæ”¶ç¼©(mm Hg)',
  `raprelaxation1` float DEFAULT NULL COMMENT 'RAPèˆ’å¼ (mm Hg)',
  `rapave` float DEFAULT NULL COMMENT 'RAPå¹³å‡(mm Hg)',
  `pap` int(11) DEFAULT NULL COMMENT 'PAP',
  `papshrink` float DEFAULT NULL COMMENT 'PAPæ”¶ç¼©(mm Hg)',
  `raprelaxation2` float DEFAULT NULL COMMENT 'PAPèˆ’å¼ (mm Hg)',
  `papave` float DEFAULT NULL COMMENT 'PAPå¹³å‡(mm Hg)',
  `pawp` int(11) DEFAULT NULL COMMENT 'PAWP',
  `pawpshrink` float DEFAULT NULL COMMENT 'PAWPæ”¶ç¼©(mm Hg)',
  `pawprelaxation` float DEFAULT NULL COMMENT 'PAWPèˆ’å¼ (mm Hg)',
  `pawpave` float DEFAULT NULL COMMENT 'PAWPå¹³å‡(mm Hg)',
  `co` float DEFAULT NULL COMMENT 'CO (Qp), L/min',
  `comethod` int(11) DEFAULT NULL COMMENT 'COæµ‹å®šæ–¹æ³•',
  `ci` float DEFAULT NULL COMMENT 'CI, L/min/m2',
  `pvr` float DEFAULT NULL COMMENT 'PVR, Wood U',
  `lvedd` float DEFAULT NULL COMMENT 'å·¦å®¤èˆ’å¼ æœ«å†…å¾„LVEDD (mm)',
  `lvef` float DEFAULT NULL COMMENT 'å·¦å®¤å°„è¡€åˆ†æ•°LVEF (%)',
  `pasp` float DEFAULT NULL COMMENT 'è¶…å£°ä¼°æµ‹è‚ºåŠ¨è„‰æ”¶ç¼©å‹PASP(mm Hg)',
  `tapse` float DEFAULT NULL COMMENT 'ä¸‰å°–ç“£ç¯æ”¶ç¼©æœŸä½ç§» TAPSEï¼ˆmmï¼‰',
  `pe` int(11) DEFAULT NULL COMMENT 'å¿ƒåŒ…ç§¯æ¶²',
  `bloodgroup` int(11) DEFAULT NULL COMMENT 'è¡€å‹',
  `ddimer` float DEFAULT NULL COMMENT 'D-äºŒèšä½“(Î¼g/mL)',
  `nt` int(11) DEFAULT NULL COMMENT 'NT-proBNP',
  `ntnumber` float DEFAULT NULL COMMENT 'NT-proBNP pg/ml',
  `ast` float DEFAULT NULL COMMENT 'ASTï¼ˆIU/mlï¼‰',
  `alt` float DEFAULT NULL COMMENT 'ALTï¼ˆIU/mlï¼‰',
  `tbil` float DEFAULT NULL COMMENT 'Tbilï¼ˆÎ¼mol/Lï¼‰',
  `dbil` float DEFAULT NULL COMMENT 'Dbilï¼ˆÎ¼mol/Lï¼‰',
  `cr` float DEFAULT NULL COMMENT 'è¡€Crï¼ˆÎ¼mol/Lï¼‰',
  `bloodgas` int(11) DEFAULT NULL COMMENT 'åŠ¨è„‰è¡€æ°”',
  `abgt` int(11) DEFAULT NULL COMMENT 'åŠ¨è„‰è¡€æ°”ç±»å‹',
  `pco` float DEFAULT NULL COMMENT 'PCO2 mmHg',
  `po` float DEFAULT NULL COMMENT 'PO2 mmHg',
  `sao` float DEFAULT NULL COMMENT 'SaO2 %',
  `paa` float DEFAULT NULL COMMENT 'P(A-a) mmHg',
  `anticoagulant` int(11) DEFAULT NULL COMMENT 'æŠ—å‡æ²»ç–—',
  `drug1` int(11) DEFAULT NULL COMMENT 'æŠ—å‡æ²»ç–—è¯ç‰©',
  `otherdrug` varchar(20) DEFAULT NULL COMMENT 'æŠ—å‡æ²»ç–—å…¶ä»–è¯ç‰©',
  `antiplatelet` int(11) DEFAULT NULL COMMENT 'æŠ—è¡€å°æ¿æ²»ç–—',
  `drug5` int(11) DEFAULT NULL COMMENT 'æŠ—è¡€å°æ¿æ²»ç–—è¯ç‰©',
  `otherdrug2` varchar(200) DEFAULT NULL COMMENT 'æŠ—è¡€å°æ¿æ²»ç–—å…¶ä»–è¯ç‰©',
  `targeting` int(11) DEFAULT NULL COMMENT 'é¶å‘æ²»ç–—',
  `laxg` int(11) DEFAULT NULL COMMENT 'åˆ©å¥¥è¥¿å‘±',
  `fivepi` int(11) DEFAULT NULL COMMENT '5å‹ç£·é…¸äºŒé…¯é…¶æŠ‘åˆ¶å‰‚',
  `drug2` int(11) DEFAULT NULL COMMENT '5å‹ç£·é…¸äºŒé…¯é…¶æŠ‘åˆ¶å‰‚è¯ç‰©',
  `era` int(11) DEFAULT NULL COMMENT 'å†…çš®ç´ å—ä½“æ‹®æŠ—å‰‚',
  `drug3` int(11) DEFAULT NULL COMMENT 'å†…çš®ç´ å—ä½“æ‹®æŠ—å‰‚è¯ç‰©',
  `prostacyclin` int(11) DEFAULT NULL COMMENT 'å‰åˆ—ç¯ç´ ',
  `drug4` int(11) DEFAULT NULL COMMENT 'å‰åˆ—ç¯ç´ è¯ç‰©',
  `exfoliation` int(11) DEFAULT NULL COMMENT 'è‚ºåŠ¨è„‰å†…è†œå‰¥è„±æœ¯',
  `exfoliationdate` date DEFAULT NULL COMMENT 'è‚ºåŠ¨è„‰å†…è†œå‰¥è„±æœ¯æ—¶é—´',
  `angioplasty` int(11) DEFAULT NULL COMMENT 'çƒå›Šè‚ºåŠ¨è„‰æˆå½¢æœ¯',
  `angioplastyfdate` date DEFAULT NULL COMMENT 'çƒå›Šè‚ºåŠ¨è„‰æˆå½¢æœ¯æ—¶é—´',
  `death` int(11) DEFAULT NULL COMMENT 'æ˜¯å¦æ­»äº¡',
  `deathreason` int(11) DEFAULT NULL COMMENT 'æ­»äº¡åŸå› ',
  `create_by` varchar(20) DEFAULT NULL COMMENT 'åˆ›å»ºè€…',
  `create_time` datetime DEFAULT NULL COMMENT 'åˆ›å»ºæ—¶é—´',
  `update_by` varchar(20) DEFAULT NULL COMMENT 'ä¿®æ”¹äºº',
  `update_time` datetime DEFAULT NULL COMMENT 'ä¿®æ”¹æ—¶é—´',
  `ts` datetime DEFAULT NULL COMMENT 'æ—¶é—´æˆ³',
  `dr` int(11) DEFAULT NULL COMMENT 'åˆ é™¤æ ‡è®°',
  `svo2` float DEFAULT NULL COMMENT 'SvO2 (è‚ºåŠ¨è„‰æ°§é¥±å’Œåº¦), %',
  PRIMARY KEY (`id`)
) ENGINE=InnoDB AUTO_INCREMENT=10 DEFAULT CHARSET=utf8;
/*!40101 SET character_set_client = @saved_cs_client */;

--
-- Dumping data for table `sys_cteph`
--

LOCK TABLES `sys_cteph` WRITE;
/*!40000 ALTER TABLE `sys_cteph` DISABLE KEYS */;
INSERT INTO `sys_cteph` VALUES (6,NULL,104,NULL,'å¼ ä¸‰',0,'åŒ—äº¬å¸‚æµ·æ·€åŒº','1995-01-30',184,80,'2018-11-04 00:00:00',NULL,1,NULL,NULL,NULL,NULL,NULL,NULL,NULL,NULL,NULL,NULL,NULL,NULL,NULL,NULL,NULL,NULL,NULL,NULL,NULL,NULL,NULL,NULL,NULL,NULL,NULL,NULL,NULL,NULL,NULL,NULL,NULL,NULL,NULL,NULL,NULL,NULL,NULL,NULL,NULL,NULL,NULL,NULL,NULL,NULL,NULL,NULL,NULL,NULL,NULL,NULL,NULL,NULL,NULL,NULL,NULL,NULL,NULL,NULL,NULL,NULL,NULL,NULL,NULL,NULL,NULL,NULL,NULL,NULL,NULL,NULL,NULL,NULL,NULL,NULL,NULL,NULL,NULL,NULL,NULL,NULL,NULL,NULL,NULL,NULL,NULL,NULL,NULL,NULL,NULL,NULL,NULL,NULL,NULL,NULL,NULL,NULL,NULL,NULL,NULL,NULL,NULL,NULL,NULL,NULL,NULL,NULL,NULL,NULL,NULL,NULL,NULL,NULL,NULL,NULL,NULL,NULL,NULL,NULL,NULL,NULL,NULL,NULL,NULL,NULL,NULL,NULL,NULL,NULL,NULL,NULL,NULL,NULL,NULL,NULL,NULL,NULL,NULL,NULL,NULL,NULL,NULL,NULL,NULL,NULL,NULL,NULL,NULL,NULL,NULL,'è‹¥ä¾','2019-08-11 16:32:10',NULL,NULL,'2019-08-11 16:32:10',0,NULL),(7,NULL,105,NULL,'æå››',1,'åŒ—äº¬å¸‚æœé˜³åŒº','1995-01-30',184,68,'2018-11-04 00:00:00',NULL,NULL,NULL,NULL,NULL,NULL,NULL,NULL,NULL,NULL,NULL,NULL,NULL,NULL,NULL,NULL,NULL,NULL,NULL,NULL,NULL,NULL,NULL,NULL,NULL,NULL,NULL,NULL,NULL,NULL,NULL,NULL,NULL,NULL,NULL,NULL,NULL,NULL,NULL,NULL,NULL,NULL,NULL,NULL,NULL,NULL,NULL,NULL,NULL,NULL,NULL,NULL,NULL,NULL,NULL,NULL,NULL,NULL,NULL,NULL,NULL,NULL,NULL,NULL,NULL,NULL,NULL,NULL,NULL,NULL,NULL,NULL,NULL,NULL,NULL,NULL,NULL,NULL,NULL,NULL,NULL,NULL,NULL,NULL,NULL,NULL,NULL,NULL,NULL,NULL,NULL,NULL,NULL,NULL,NULL,NULL,NULL,NULL,NULL,NULL,NULL,NULL,NULL,NULL,NULL,NULL,NULL,NULL,NULL,NULL,NULL,NULL,NULL,NULL,NULL,NULL,NULL,NULL,NULL,NULL,NULL,NULL,NULL,NULL,NULL,NULL,NULL,NULL,NULL,NULL,NULL,NULL,NULL,NULL,NULL,NULL,NULL,NULL,NULL,NULL,NULL,NULL,NULL,NULL,NULL,NULL,NULL,NULL,NULL,NULL,NULL,'è‹¥ä¾','2019-08-11 16:32:10',NULL,NULL,'2019-08-11 16:32:10',0,NULL),(8,NULL,NULL,NULL,NULL,NULL,NULL,NULL,NULL,NULL,NULL,NULL,NULL,NULL,NULL,NULL,NULL,NULL,NULL,NULL,NULL,NULL,NULL,NULL,NULL,NULL,NULL,NULL,NULL,NULL,NULL,NULL,NULL,NULL,NULL,NULL,NULL,NULL,NULL,NULL,NULL,NULL,NULL,NULL,NULL,NULL,NULL,NULL,NULL,NULL,NULL,NULL,NULL,NULL,NULL,NULL,NULL,NULL,NULL,NULL,NULL,NULL,NULL,NULL,NULL,NULL,NULL,NULL,NULL,NULL,NULL,NULL,NULL,NULL,NULL,NULL,NULL,NULL,NULL,NULL,NULL,NULL,NULL,NULL,NULL,NULL,NULL,NULL,NULL,NULL,NULL,NULL,NULL,NULL,NULL,NULL,NULL,NULL,NULL,NULL,NULL,NULL,NULL,NULL,NULL,NULL,NULL,NULL,NULL,NULL,NULL,NULL,NULL,NULL,NULL,NULL,NULL,NULL,NULL,NULL,NULL,NULL,NULL,NULL,NULL,NULL,NULL,NULL,NULL,NULL,NULL,NULL,NULL,NULL,NULL,NULL,NULL,NULL,NULL,NULL,NULL,NULL,NULL,NULL,NULL,NULL,NULL,NULL,NULL,NULL,NULL,NULL,NULL,NULL,NULL,NULL,NULL,NULL,NULL,NULL,NULL,NULL,'æµ‹è¯•','2019-08-21 21:03:27',NULL,NULL,'2019-08-21 21:03:27',1,NULL),(9,NULL,104,NULL,'å¼ ä¸‰',0,'åŒ—äº¬å¸‚','1969-02-28',166,65,NULL,NULL,NULL,NULL,NULL,NULL,NULL,NULL,NULL,NULL,NULL,NULL,NULL,NULL,NULL,NULL,NULL,NULL,NULL,NULL,NULL,NULL,NULL,NULL,NULL,NULL,NULL,NULL,NULL,NULL,NULL,NULL,NULL,NULL,NULL,NULL,NULL,NULL,NULL,NULL,NULL,NULL,NULL,NULL,NULL,NULL,NULL,NULL,NULL,NULL,NULL,NULL,NULL,NULL,NULL,NULL,NULL,NULL,NULL,NULL,NULL,NULL,NULL,NULL,NULL,NULL,NULL,NULL,NULL,NULL,NULL,NULL,NULL,NULL,NULL,NULL,NULL,NULL,NULL,NULL,NULL,NULL,NULL,NULL,NULL,NULL,NULL,NULL,NULL,NULL,NULL,NULL,NULL,NULL,NULL,NULL,NULL,NULL,NULL,NULL,NULL,NULL,NULL,NULL,NULL,NULL,NULL,NULL,NULL,NULL,NULL,NULL,NULL,NULL,NULL,NULL,NULL,NULL,NULL,NULL,NULL,NULL,NULL,NULL,NULL,NULL,NULL,NULL,NULL,NULL,NULL,NULL,NULL,NULL,NULL,NULL,NULL,NULL,NULL,NULL,NULL,NULL,NULL,NULL,NULL,NULL,NULL,NULL,NULL,NULL,NULL,NULL,'è‹¥ä¾','2019-08-24 12:40:24',NULL,NULL,'2019-08-24 12:40:24',0,NULL);
/*!40000 ALTER TABLE `sys_cteph` ENABLE KEYS */;
UNLOCK TABLES;

--
-- Table structure for table `sys_dept`
--

DROP TABLE IF EXISTS `sys_dept`;
/*!40101 SET @saved_cs_client     = @@character_set_client */;
 SET character_set_client = utf8mb4 ;
CREATE TABLE `sys_dept` (
  `dept_id` bigint(20) NOT NULL AUTO_INCREMENT COMMENT 'éƒ¨é—¨id',
  `parent_id` bigint(20) DEFAULT '0' COMMENT 'çˆ¶éƒ¨é—¨id',
  `ancestors` varchar(50) DEFAULT '' COMMENT 'ç¥–çº§åˆ—è¡¨',
  `dept_name` varchar(30) DEFAULT '' COMMENT 'éƒ¨é—¨åç§°',
  `order_num` int(4) DEFAULT '0' COMMENT 'æ˜¾ç¤ºé¡ºåº',
  `leader` varchar(20) DEFAULT NULL COMMENT 'è´Ÿè´£äºº',
  `phone` varchar(11) DEFAULT NULL COMMENT 'è”ç³»ç”µè¯',
  `email` varchar(50) DEFAULT NULL COMMENT 'é‚®ç®±',
  `status` char(1) DEFAULT '0' COMMENT 'éƒ¨é—¨çŠ¶æ€ï¼ˆ0æ­£å¸¸ 1åœç”¨ï¼‰',
  `del_flag` char(1) DEFAULT '0' COMMENT 'åˆ é™¤æ ‡å¿—ï¼ˆ0ä»£è¡¨å­˜åœ¨ 2ä»£è¡¨åˆ é™¤ï¼‰',
  `create_by` varchar(64) DEFAULT '' COMMENT 'åˆ›å»ºè€…',
  `create_time` datetime DEFAULT NULL COMMENT 'åˆ›å»ºæ—¶é—´',
  `update_by` varchar(64) DEFAULT '' COMMENT 'æ›´æ–°è€…',
  `update_time` datetime DEFAULT NULL COMMENT 'æ›´æ–°æ—¶é—´',
  PRIMARY KEY (`dept_id`)
) ENGINE=InnoDB AUTO_INCREMENT=200 DEFAULT CHARSET=utf8mb4 COLLATE=utf8mb4_0900_ai_ci COMMENT='éƒ¨é—¨è¡¨';
/*!40101 SET character_set_client = @saved_cs_client */;

--
-- Dumping data for table `sys_dept`
--

LOCK TABLES `sys_dept` WRITE;
/*!40000 ALTER TABLE `sys_dept` DISABLE KEYS */;
INSERT INTO `sys_dept` VALUES (100,0,'0','åŒ»èšäº‘ç§‘æŠ€',0,'æ­¦ç¾å¥‡','15888888888','wmq@qq.com','0','0','admin','2018-03-16 11:33:00','admin','2019-08-21 20:53:45'),(101,100,'0,100','åŒ—äº¬æ€»å…¬å¸',1,'æåº·','15888888888','lk@qq.com','0','0','admin','2018-03-16 11:33:00','admin','2019-08-21 20:51:13'),(102,100,'0,100','ä¸´æ²‚åˆ†å…¬å¸',2,'ç‹å‡¯','15888888888','wk@qq.com','0','0','admin','2018-03-16 11:33:00','admin','2019-08-21 20:53:45'),(103,101,'0,100,101','ç ”å‘éƒ¨é—¨',1,'é™ˆè´µæ–‡','15888888888','cgw@qq.com','0','0','admin','2018-03-16 11:33:00','admin','2019-08-21 20:50:50'),(104,101,'0,100,101','å¸‚åœºéƒ¨é—¨',2,'è°­æ±Ÿå±±','15888888888','tjs@qq.com','0','0','admin','2018-03-16 11:33:00','admin','2019-08-21 20:51:13'),(105,101,'0,100,101','æµ‹è¯•éƒ¨é—¨',3,'çŸ³å€©å€©','15888888888','sqq@qq.com','0','0','admin','2018-03-16 11:33:00','ry','2018-03-16 11:33:00'),(106,101,'0,100,101','è´¢åŠ¡éƒ¨é—¨',4,'åˆ˜èŠ³è¶…','15888888888','lfc@qq.com','0','0','admin','2018-03-16 11:33:00','ry','2018-03-16 11:33:00'),(107,101,'0,100,101','è¿ç»´éƒ¨é—¨',5,'åˆ˜å®å®','15888888888','lnn@qq.com','0','0','admin','2018-03-16 11:33:00','ry','2018-03-16 11:33:00'),(108,102,'0,100,102','å¸‚åœºéƒ¨é—¨',1,'è°­æ±Ÿå±±','15888888888','tjs@qq.com','0','0','admin','2018-03-16 11:33:00','ry','2018-03-16 11:33:00'),(109,102,'0,100,102','è´¢åŠ¡éƒ¨é—¨',2,'åˆ˜èŠ³è¶…','15888888888','lfc@qq.com','0','0','admin','2018-03-16 11:33:00','ry','2018-03-16 11:33:00');
/*!40000 ALTER TABLE `sys_dept` ENABLE KEYS */;
UNLOCK TABLES;

--
-- Table structure for table `sys_dict_data`
--

DROP TABLE IF EXISTS `sys_dict_data`;
/*!40101 SET @saved_cs_client     = @@character_set_client */;
 SET character_set_client = utf8mb4 ;
CREATE TABLE `sys_dict_data` (
  `dict_code` bigint(20) NOT NULL AUTO_INCREMENT COMMENT 'å­—å…¸ç¼–ç ',
  `dict_sort` int(4) DEFAULT '0' COMMENT 'å­—å…¸æ’åº',
  `dict_label` varchar(100) DEFAULT '' COMMENT 'å­—å…¸æ ‡ç­¾',
  `dict_value` varchar(100) DEFAULT '' COMMENT 'å­—å…¸é”®å€¼',
  `dict_type` varchar(100) DEFAULT '' COMMENT 'å­—å…¸ç±»å‹',
  `css_class` varchar(100) DEFAULT NULL COMMENT 'æ ·å¼å±æ€§ï¼ˆå…¶ä»–æ ·å¼æ‰©å±•ï¼‰',
  `list_class` varchar(100) DEFAULT NULL COMMENT 'è¡¨æ ¼å›æ˜¾æ ·å¼',
  `is_default` char(1) DEFAULT 'N' COMMENT 'æ˜¯å¦é»˜è®¤ï¼ˆYæ˜¯ Nå¦ï¼‰',
  `status` char(1) DEFAULT '0' COMMENT 'çŠ¶æ€ï¼ˆ0æ­£å¸¸ 1åœç”¨ï¼‰',
  `create_by` varchar(64) DEFAULT '' COMMENT 'åˆ›å»ºè€…',
  `create_time` datetime DEFAULT NULL COMMENT 'åˆ›å»ºæ—¶é—´',
  `update_by` varchar(64) DEFAULT '' COMMENT 'æ›´æ–°è€…',
  `update_time` datetime DEFAULT NULL COMMENT 'æ›´æ–°æ—¶é—´',
  `remark` varchar(500) DEFAULT NULL COMMENT 'å¤‡æ³¨',
  PRIMARY KEY (`dict_code`)
) ENGINE=InnoDB AUTO_INCREMENT=100 DEFAULT CHARSET=utf8mb4 COLLATE=utf8mb4_0900_ai_ci COMMENT='å­—å…¸æ•°æ®è¡¨';
/*!40101 SET character_set_client = @saved_cs_client */;

--
-- Dumping data for table `sys_dict_data`
--

LOCK TABLES `sys_dict_data` WRITE;
/*!40000 ALTER TABLE `sys_dict_data` DISABLE KEYS */;
INSERT INTO `sys_dict_data` VALUES (1,1,'ç”·','0','sys_user_sex','','','Y','0','admin','2018-03-16 11:33:00','ry','2018-03-16 11:33:00','æ€§åˆ«ç”·'),(2,2,'å¥³','1','sys_user_sex','','','N','0','admin','2018-03-16 11:33:00','ry','2018-03-16 11:33:00','æ€§åˆ«å¥³'),(3,3,'æœªçŸ¥','2','sys_user_sex','','','N','0','admin','2018-03-16 11:33:00','ry','2018-03-16 11:33:00','æ€§åˆ«æœªçŸ¥'),(4,1,'æ˜¾ç¤º','0','sys_show_hide','','primary','Y','0','admin','2018-03-16 11:33:00','ry','2018-03-16 11:33:00','æ˜¾ç¤ºèœå•'),(5,2,'éšè—','1','sys_show_hide','','danger','N','0','admin','2018-03-16 11:33:00','ry','2018-03-16 11:33:00','éšè—èœå•'),(6,1,'æ­£å¸¸','0','sys_normal_disable','','primary','Y','0','admin','2018-03-16 11:33:00','ry','2018-03-16 11:33:00','æ­£å¸¸çŠ¶æ€'),(7,2,'åœç”¨','1','sys_normal_disable','','danger','N','0','admin','2018-03-16 11:33:00','ry','2018-03-16 11:33:00','åœç”¨çŠ¶æ€'),(8,1,'æ­£å¸¸','0','sys_job_status','','primary','Y','0','admin','2018-03-16 11:33:00','ry','2018-03-16 11:33:00','æ­£å¸¸çŠ¶æ€'),(9,2,'æš‚åœ','1','sys_job_status','','danger','N','0','admin','2018-03-16 11:33:00','ry','2018-03-16 11:33:00','åœç”¨çŠ¶æ€'),(10,1,'é»˜è®¤','DEFAULT','sys_job_group','','','Y','0','admin','2018-03-16 11:33:00','ry','2018-03-16 11:33:00','é»˜è®¤åˆ†ç»„'),(11,2,'ç³»ç»Ÿ','SYSTEM','sys_job_group','','','N','0','admin','2018-03-16 11:33:00','ry','2018-03-16 11:33:00','ç³»ç»Ÿåˆ†ç»„'),(12,1,'æ˜¯','Y','sys_yes_no','','primary','Y','0','admin','2018-03-16 11:33:00','ry','2018-03-16 11:33:00','ç³»ç»Ÿé»˜è®¤æ˜¯'),(13,2,'å¦','N','sys_yes_no','','danger','N','0','admin','2018-03-16 11:33:00','ry','2018-03-16 11:33:00','ç³»ç»Ÿé»˜è®¤å¦'),(14,1,'é€šçŸ¥','1','sys_notice_type','','warning','Y','0','admin','2018-03-16 11:33:00','ry','2018-03-16 11:33:00','é€šçŸ¥'),(15,2,'å…¬å‘Š','2','sys_notice_type','','success','N','0','admin','2018-03-16 11:33:00','ry','2018-03-16 11:33:00','å…¬å‘Š'),(16,1,'æ­£å¸¸','0','sys_notice_status','','primary','Y','0','admin','2018-03-16 11:33:00','ry','2018-03-16 11:33:00','æ­£å¸¸çŠ¶æ€'),(17,2,'å…³é—­','1','sys_notice_status','','danger','N','0','admin','2018-03-16 11:33:00','ry','2018-03-16 11:33:00','å…³é—­çŠ¶æ€'),(18,1,'æ–°å¢','1','sys_oper_type','','info','N','0','admin','2018-03-16 11:33:00','ry','2018-03-16 11:33:00','æ–°å¢æ“ä½œ'),(19,2,'ä¿®æ”¹','2','sys_oper_type','','info','N','0','admin','2018-03-16 11:33:00','ry','2018-03-16 11:33:00','ä¿®æ”¹æ“ä½œ'),(20,3,'åˆ é™¤','3','sys_oper_type','','danger','N','0','admin','2018-03-16 11:33:00','ry','2018-03-16 11:33:00','åˆ é™¤æ“ä½œ'),(21,4,'æˆæƒ','4','sys_oper_type','','primary','N','0','admin','2018-03-16 11:33:00','ry','2018-03-16 11:33:00','æˆæƒæ“ä½œ'),(22,5,'å¯¼å‡º','5','sys_oper_type','','warning','N','0','admin','2018-03-16 11:33:00','ry','2018-03-16 11:33:00','å¯¼å‡ºæ“ä½œ'),(23,6,'å¯¼å…¥','6','sys_oper_type','','warning','N','0','admin','2018-03-16 11:33:00','ry','2018-03-16 11:33:00','å¯¼å…¥æ“ä½œ'),(24,7,'å¼ºé€€','7','sys_oper_type','','danger','N','0','admin','2018-03-16 11:33:00','ry','2018-03-16 11:33:00','å¼ºé€€æ“ä½œ'),(25,8,'ç”Ÿæˆä»£ç ','8','sys_oper_type','','warning','N','0','admin','2018-03-16 11:33:00','ry','2018-03-16 11:33:00','ç”Ÿæˆæ“ä½œ'),(26,9,'æ¸…ç©ºæ•°æ®','9','sys_oper_type','','danger','N','0','admin','2018-03-16 11:33:00','ry','2018-03-16 11:33:00','æ¸…ç©ºæ“ä½œ'),(27,1,'æˆåŠŸ','0','sys_common_status','','primary','N','0','admin','2018-03-16 11:33:00','ry','2018-03-16 11:33:00','æ­£å¸¸çŠ¶æ€'),(28,2,'å¤±è´¥','1','sys_common_status','','danger','N','0','admin','2018-03-16 11:33:00','ry','2018-03-16 11:33:00','åœç”¨çŠ¶æ€');
/*!40000 ALTER TABLE `sys_dict_data` ENABLE KEYS */;
UNLOCK TABLES;

--
-- Table structure for table `sys_dict_type`
--

DROP TABLE IF EXISTS `sys_dict_type`;
/*!40101 SET @saved_cs_client     = @@character_set_client */;
 SET character_set_client = utf8mb4 ;
CREATE TABLE `sys_dict_type` (
  `dict_id` bigint(20) NOT NULL AUTO_INCREMENT COMMENT 'å­—å…¸ä¸»é”®',
  `dict_name` varchar(100) DEFAULT '' COMMENT 'å­—å…¸åç§°',
  `dict_type` varchar(100) DEFAULT '' COMMENT 'å­—å…¸ç±»å‹',
  `status` char(1) DEFAULT '0' COMMENT 'çŠ¶æ€ï¼ˆ0æ­£å¸¸ 1åœç”¨ï¼‰',
  `create_by` varchar(64) DEFAULT '' COMMENT 'åˆ›å»ºè€…',
  `create_time` datetime DEFAULT NULL COMMENT 'åˆ›å»ºæ—¶é—´',
  `update_by` varchar(64) DEFAULT '' COMMENT 'æ›´æ–°è€…',
  `update_time` datetime DEFAULT NULL COMMENT 'æ›´æ–°æ—¶é—´',
  `remark` varchar(500) DEFAULT NULL COMMENT 'å¤‡æ³¨',
  PRIMARY KEY (`dict_id`),
  UNIQUE KEY `dict_type` (`dict_type`)
) ENGINE=InnoDB AUTO_INCREMENT=100 DEFAULT CHARSET=utf8mb4 COLLATE=utf8mb4_0900_ai_ci COMMENT='å­—å…¸ç±»å‹è¡¨';
/*!40101 SET character_set_client = @saved_cs_client */;

--
-- Dumping data for table `sys_dict_type`
--

LOCK TABLES `sys_dict_type` WRITE;
/*!40000 ALTER TABLE `sys_dict_type` DISABLE KEYS */;
INSERT INTO `sys_dict_type` VALUES (1,'ç”¨æˆ·æ€§åˆ«','sys_user_sex','0','admin','2018-03-16 11:33:00','ry','2018-03-16 11:33:00','ç”¨æˆ·æ€§åˆ«åˆ—è¡¨'),(2,'èœå•çŠ¶æ€','sys_show_hide','0','admin','2018-03-16 11:33:00','ry','2018-03-16 11:33:00','èœå•çŠ¶æ€åˆ—è¡¨'),(3,'ç³»ç»Ÿå¼€å…³','sys_normal_disable','0','admin','2018-03-16 11:33:00','ry','2018-03-16 11:33:00','ç³»ç»Ÿå¼€å…³åˆ—è¡¨'),(4,'ä»»åŠ¡çŠ¶æ€','sys_job_status','0','admin','2018-03-16 11:33:00','ry','2018-03-16 11:33:00','ä»»åŠ¡çŠ¶æ€åˆ—è¡¨'),(5,'ä»»åŠ¡åˆ†ç»„','sys_job_group','0','admin','2018-03-16 11:33:00','ry','2018-03-16 11:33:00','ä»»åŠ¡åˆ†ç»„åˆ—è¡¨'),(6,'ç³»ç»Ÿæ˜¯å¦','sys_yes_no','0','admin','2018-03-16 11:33:00','ry','2018-03-16 11:33:00','ç³»ç»Ÿæ˜¯å¦åˆ—è¡¨'),(7,'é€šçŸ¥ç±»å‹','sys_notice_type','0','admin','2018-03-16 11:33:00','ry','2018-03-16 11:33:00','é€šçŸ¥ç±»å‹åˆ—è¡¨'),(8,'é€šçŸ¥çŠ¶æ€','sys_notice_status','0','admin','2018-03-16 11:33:00','ry','2018-03-16 11:33:00','é€šçŸ¥çŠ¶æ€åˆ—è¡¨'),(9,'æ“ä½œç±»å‹','sys_oper_type','0','admin','2018-03-16 11:33:00','ry','2018-03-16 11:33:00','æ“ä½œç±»å‹åˆ—è¡¨'),(10,'ç³»ç»ŸçŠ¶æ€','sys_common_status','0','admin','2018-03-16 11:33:00','ry','2018-03-16 11:33:00','ç™»å½•çŠ¶æ€åˆ—è¡¨');
/*!40000 ALTER TABLE `sys_dict_type` ENABLE KEYS */;
UNLOCK TABLES;

--
-- Table structure for table `sys_follow`
--

DROP TABLE IF EXISTS `sys_follow`;
/*!40101 SET @saved_cs_client     = @@character_set_client */;
 SET character_set_client = utf8mb4 ;
CREATE TABLE `sys_follow` (
  `id` int(11) NOT NULL AUTO_INCREMENT COMMENT 'ä¸»é”®',
  `code` varchar(45) DEFAULT NULL COMMENT 'ç¼–ç ',
  `department` int(11) DEFAULT NULL COMMENT 'ç§‘å®¤',
  `doctor` varchar(45) DEFAULT NULL COMMENT 'åŒ»ç”Ÿ',
  `patient_name` varchar(45) DEFAULT NULL COMMENT 'æ‚£è€…å§“å',
  `patient_sex` int(11) DEFAULT NULL COMMENT 'æ‚£è€…æ€§åˆ«',
  `patient_age` int(11) DEFAULT NULL COMMENT 'æ‚£è€…å¹´é¾„',
  `patient_medno` varchar(45) DEFAULT NULL COMMENT 'æ‚£è€…ç—…æ¡ˆå·',
  `patient_phone` char(11) DEFAULT NULL COMMENT 'æ‚£è€…æ‰‹æœº',
  `patient_phone2` char(11) DEFAULT NULL COMMENT 'æ‚£è€…ç”µè¯',
  `patient_wechat` varchar(45) DEFAULT NULL COMMENT 'æ‚£è€…å¾®ä¿¡',
  `patient_address` varchar(45) DEFAULT NULL COMMENT 'æ‚£è€…åœ°å€',
  `family_phone` char(11) DEFAULT NULL COMMENT 'å®¶äººç”µè¯',
  `pamily_phone2` char(11) DEFAULT NULL COMMENT 'å®¶äººæ‰‹æœº',
  `deteriorate` int(1) DEFAULT NULL COMMENT 'å‘ç”Ÿä¸´åºŠæ¶åŒ–äº‹ä»¶',
  `hospitalization` int(1) DEFAULT NULL COMMENT 'æ˜¯å¦ä½é™¢',
  `number` int(11) DEFAULT NULL COMMENT 'ä½é™¢æ¬¡æ•°',
  `pulmonary` int(1) DEFAULT NULL COMMENT 'è‚ºéƒ¨æ„ŸæŸ“',
  `rightheartfailure` int(1) DEFAULT NULL COMMENT 'å³å¿ƒè¡°åŠ é‡',
  `hemoptysis1` int(1) DEFAULT NULL COMMENT 'å’¯è¡€',
  `other` varchar(100) DEFAULT NULL COMMENT 'å…¶ä»–å‡ºè¡€æƒ…å†µ',
  `pulmonaryembolism` int(1) DEFAULT NULL COMMENT 'å†å‘è‚ºæ “å¡',
  `lowervein` int(1) DEFAULT NULL COMMENT 'ä¸‹è‚¢æ·±é™è„‰è¡€æ “',
  `arrhythmia` int(1) DEFAULT NULL COMMENT 'å¿ƒå¾‹å¤±å¸¸',
  `death` int(1) DEFAULT NULL COMMENT 'æ˜¯å¦æ­»äº¡',
  `deathdate` datetime DEFAULT NULL COMMENT 'æ­»äº¡æ—¶é—´',
  `nonpertension` int(1) DEFAULT NULL COMMENT 'éè‚ºé«˜å‹åŸå› ',
  `specific_reason` varchar(200) DEFAULT NULL COMMENT 'å…·ä½“æ­»äº¡åŸå› ',
  `review` int(1) DEFAULT NULL COMMENT 'å¸¸è§„å¤æŸ¥',
  `hospitalizationdate1` datetime DEFAULT NULL COMMENT 'ä½é™¢æ—¶é—´',
  `hospitalizationdate2` datetime DEFAULT NULL COMMENT 'ä½é™¢æ—¶é—´',
  `hospitalizationdate3` datetime DEFAULT NULL COMMENT 'ä½é™¢æ—¶é—´',
  `deterioratespecific` varchar(200) DEFAULT NULL COMMENT 'é‡è¦æ¶åŒ–äº‹ä»¶è¯·è¯¦è¿°',
  `regulardose` int(1) DEFAULT NULL COMMENT 'æ˜¯å¦è§„å¾‹æœè¯',
  `othersereason` varchar(200) DEFAULT NULL COMMENT 'ä¸è§„å¾‹åŸå› ',
  `xdnf` int(1) DEFAULT NULL COMMENT 'è¥¿åœ°é‚£é',
  `xdnf_dosage` double(20,8) DEFAULT NULL COMMENT 'è¥¿åœ°é‚£éå‰‚é‡',
  `tdnf` int(1) DEFAULT NULL COMMENT 'ä»–è¾¾é‚£é',
  `tdnf_dosage` double(20,8) DEFAULT NULL COMMENT 'ä»–è¾¾é‚£éå‰‚é‡',
  `facered1` int(1) DEFAULT NULL COMMENT 'é¢è‰²æ½®çº¢',
  `headache1` int(1) DEFAULT NULL COMMENT 'å¤´ç—›',
  `stuffynose1` int(1) DEFAULT NULL COMMENT 'é¼»å¡',
  `musclepain1` int(1) DEFAULT NULL COMMENT 'è‚Œè‚‰ç–¼ç—›',
  `dizziness1` int(1) DEFAULT NULL COMMENT 'å¤´æ™•',
  `blurredvision1` int(1) DEFAULT NULL COMMENT 'è§†ç‰©æ¨¡ç³Š',
  `hypotension1` int(1) DEFAULT NULL COMMENT 'ä½è¡€å‹',
  `menstrualdisorder1` int(1) DEFAULT NULL COMMENT 'æœˆç»ç´Šä¹±',
  `other1` varchar(200) DEFAULT NULL COMMENT 'å…¶ä»–',
  `bst` int(1) DEFAULT NULL COMMENT 'æ³¢ç”Ÿå¦',
  `bst_dosage` double(20,8) DEFAULT NULL COMMENT 'æ³¢ç”Ÿå¦å‰‚é‡',
  `mxtt` int(1) DEFAULT NULL COMMENT 'é©¬æ˜”è…¾å¦',
  `mxtt_dosage` double(20,8) DEFAULT NULL COMMENT 'é©¬æ˜”è…¾å¦å‰‚é‡',
  `facered2` int(1) DEFAULT NULL COMMENT 'é¢è‰²æ½®çº¢',
  `headache2` int(1) DEFAULT NULL COMMENT 'å¤´ç—›',
  `stuffynose2` int(1) DEFAULT NULL COMMENT 'é¼»å¡',
  `musclepain2` int(1) DEFAULT NULL COMMENT 'è‚Œè‚‰ç–¼ç—›',
  `dizziness2` int(1) DEFAULT NULL COMMENT 'å¤´æ™•',
  `transaminaseraise2` int(1) DEFAULT NULL COMMENT 'è½¬æ°¨é…¶å¢é«˜',
  `anemia2` int(1) DEFAULT NULL COMMENT 'è´«è¡€',
  `peripheraledema2` int(1) DEFAULT NULL COMMENT 'å¤–å‘¨æµ®è‚¿',
  `hypotension2` int(1) DEFAULT NULL COMMENT 'ä½è¡€å‹',
  `menstrualdisorder2` int(1) DEFAULT NULL COMMENT 'æœˆç»ç´Šä¹±',
  `other2` varchar(200) DEFAULT NULL COMMENT 'å…¶ä»–',
  `bqls` int(1) DEFAULT NULL COMMENT 'è´å‰åˆ—ç´ ',
  `bqls_dosage` double(20,8) DEFAULT NULL COMMENT 'è´å‰åˆ—ç´ å‰‚é‡',
  `rmdl` int(1) DEFAULT NULL COMMENT 'ç‘è«æœæ—',
  `rmdl_dosage` double(20,8) DEFAULT NULL COMMENT 'ç‘è«æœæ—å‰‚é‡',
  `facered3` int(1) DEFAULT NULL COMMENT 'é¢è‰²æ½®çº¢',
  `headache3` int(1) DEFAULT NULL COMMENT 'å¤´ç—›',
  `stuffynose3` int(1) DEFAULT NULL COMMENT 'é¼»å¡',
  `musclepain3` int(1) DEFAULT NULL COMMENT 'è‚Œè‚‰ç–¼ç—›',
  `diarrhea3` int(1) DEFAULT NULL COMMENT 'è…¹æ³»',
  `localpain3` int(1) DEFAULT NULL COMMENT 'å±€éƒ¨ç–¼ç—›',
  `hypotension3` int(1) DEFAULT NULL COMMENT 'ä½è¡€å‹',
  `other3` varchar(200) DEFAULT NULL COMMENT 'å…¶ä»–',
  `laxg` int(1) DEFAULT NULL COMMENT 'åˆ©å¥¥è¥¿å‘±',
  `laxg_dosage` double(20,8) DEFAULT NULL COMMENT 'åˆ©å¥¥è¥¿å‘±å‰‚é‡',
  `facered4` int(1) DEFAULT NULL COMMENT 'é¢è‰²æ½®çº¢',
  `headache4` int(1) DEFAULT NULL COMMENT 'å¤´ç—›',
  `stuffynose4` int(1) DEFAULT NULL COMMENT 'é¼»å¡',
  `dizziness4` int(1) DEFAULT NULL COMMENT 'å¤´æ™•',
  `diarrhea4` int(1) DEFAULT NULL COMMENT 'è…¹æ³»',
  `hypotension4` int(1) DEFAULT NULL COMMENT 'ä½è¡€å‹',
  `other4` varchar(200) DEFAULT NULL COMMENT 'å…¶ä»–',
  `routineblood` int(1) DEFAULT NULL COMMENT 'è¡€å¸¸è§„',
  `bloodbiochemistry` int(1) DEFAULT NULL COMMENT 'è¡€ç”ŸåŒ–',
  `nt` int(1) DEFAULT NULL COMMENT 'NT-proBNP',
  `ntnumber` double(20,8) DEFAULT NULL COMMENT 'NT-proBNPæ•°å€¼',
  `sexhormone` int(1) DEFAULT NULL COMMENT 'æ€§æ¿€ç´ ',
  `ironmetabolism` int(1) DEFAULT NULL COMMENT 'é“ä»£è°¢',
  `walk` int(1) DEFAULT NULL COMMENT 'æ­¥è¡Œè·ç¦»',
  `walkdistance` double(20,8) DEFAULT NULL COMMENT '6åˆ†é’Ÿæ­¥è¡Œè·ç¦»',
  `ct` int(1) DEFAULT NULL COMMENT 'CT',
  `cprt` int(1) DEFAULT NULL COMMENT 'CPET',
  `mri` int(1) DEFAULT NULL COMMENT 'MRI',
  `othercheck` varchar(200) DEFAULT NULL COMMENT 'å…¶ä»–æ£€æŸ¥',
  `breath_short` int(11) DEFAULT NULL COMMENT 'æ°”çŸ­',
  `syncope` int(11) DEFAULT NULL COMMENT 'æ™•å¥',
  `syncope_times` int(11) DEFAULT NULL COMMENT 'æ™•å¥æ¬¡æ•°',
  `syncope_time` datetime DEFAULT NULL COMMENT 'æœ€è¿‘æ™•å¥æ—¶é—´',
  `hemoptysis` int(11) DEFAULT NULL COMMENT 'å’³è¡€',
  `hemoptysis_times` int(11) DEFAULT NULL COMMENT 'å’³è¡€æ¬¡æ•°',
  `hemoptysis_max` datetime DEFAULT NULL COMMENT 'å’³è¡€é‡',
  `swollen` int(11) DEFAULT NULL COMMENT 'æµ®è‚¿',
  `others` varchar(500) DEFAULT NULL COMMENT 'å…¶ä»–',
  `create_by` int(11) DEFAULT NULL COMMENT 'åˆ›å»ºäºº',
  `create_time` datetime DEFAULT NULL COMMENT 'åˆ›å»ºæ—¶é—´',
  `update_by` varchar(100) DEFAULT NULL COMMENT 'ä¿®æ”¹äºº',
  `update_time` datetime DEFAULT NULL COMMENT 'ä¿®æ”¹æ—¶é—´',
  `ts` datetime DEFAULT NULL COMMENT 'æ—¶é—´æˆ³',
  `dr` int(11) DEFAULT NULL COMMENT 'åˆ é™¤æ ‡è®°',
  PRIMARY KEY (`id`)
) ENGINE=InnoDB DEFAULT CHARSET=utf8mb4 COLLATE=utf8mb4_0900_ai_ci COMMENT='è‚ºé«˜è¡€å‹éšè®¿è¡¨';
/*!40101 SET character_set_client = @saved_cs_client */;

--
-- Dumping data for table `sys_follow`
--

LOCK TABLES `sys_follow` WRITE;
/*!40000 ALTER TABLE `sys_follow` DISABLE KEYS */;
/*!40000 ALTER TABLE `sys_follow` ENABLE KEYS */;
UNLOCK TABLES;

--
-- Table structure for table `sys_job`
--

DROP TABLE IF EXISTS `sys_job`;
/*!40101 SET @saved_cs_client     = @@character_set_client */;
 SET character_set_client = utf8mb4 ;
CREATE TABLE `sys_job` (
  `job_id` bigint(20) NOT NULL AUTO_INCREMENT COMMENT 'ä»»åŠ¡ID',
  `job_name` varchar(64) NOT NULL DEFAULT '' COMMENT 'ä»»åŠ¡åç§°',
  `job_group` varchar(64) NOT NULL DEFAULT 'DEFAULT' COMMENT 'ä»»åŠ¡ç»„å',
  `invoke_target` varchar(500) NOT NULL COMMENT 'è°ƒç”¨ç›®æ ‡å­—ç¬¦ä¸²',
  `cron_expression` varchar(255) DEFAULT '' COMMENT 'cronæ‰§è¡Œè¡¨è¾¾å¼',
  `misfire_policy` varchar(20) DEFAULT '3' COMMENT 'è®¡åˆ’æ‰§è¡Œé”™è¯¯ç­–ç•¥ï¼ˆ1ç«‹å³æ‰§è¡Œ 2æ‰§è¡Œä¸€æ¬¡ 3æ”¾å¼ƒæ‰§è¡Œï¼‰',
  `concurrent` char(1) DEFAULT '1' COMMENT 'æ˜¯å¦å¹¶å‘æ‰§è¡Œï¼ˆ0å…è®¸ 1ç¦æ­¢ï¼‰',
  `status` char(1) DEFAULT '0' COMMENT 'çŠ¶æ€ï¼ˆ0æ­£å¸¸ 1æš‚åœï¼‰',
  `create_by` varchar(64) DEFAULT '' COMMENT 'åˆ›å»ºè€…',
  `create_time` datetime DEFAULT NULL COMMENT 'åˆ›å»ºæ—¶é—´',
  `update_by` varchar(64) DEFAULT '' COMMENT 'æ›´æ–°è€…',
  `update_time` datetime DEFAULT NULL COMMENT 'æ›´æ–°æ—¶é—´',
  `remark` varchar(500) DEFAULT '' COMMENT 'å¤‡æ³¨ä¿¡æ¯',
  PRIMARY KEY (`job_id`,`job_name`,`job_group`)
) ENGINE=InnoDB AUTO_INCREMENT=100 DEFAULT CHARSET=utf8mb4 COLLATE=utf8mb4_0900_ai_ci COMMENT='å®šæ—¶ä»»åŠ¡è°ƒåº¦è¡¨';
/*!40101 SET character_set_client = @saved_cs_client */;

--
-- Dumping data for table `sys_job`
--

LOCK TABLES `sys_job` WRITE;
/*!40000 ALTER TABLE `sys_job` DISABLE KEYS */;
INSERT INTO `sys_job` VALUES (1,'ç³»ç»Ÿé»˜è®¤ï¼ˆæ— å‚ï¼‰','DEFAULT','ryTask.ryNoParams','0/10 * * * * ?','3','1','1','admin','2018-03-16 11:33:00','ry','2018-03-16 11:33:00',''),(2,'ç³»ç»Ÿé»˜è®¤ï¼ˆæœ‰å‚ï¼‰','DEFAULT','ryTask.ryParams(\'ry\')','0/15 * * * * ?','3','1','1','admin','2018-03-16 11:33:00','ry','2018-03-16 11:33:00',''),(3,'ç³»ç»Ÿé»˜è®¤ï¼ˆå¤šå‚ï¼‰','DEFAULT','ryTask.ryMultipleParams(\'ry\', true, 2000L, 316.50D, 100)','0/20 * * * * ?','3','1','1','admin','2018-03-16 11:33:00','ry','2018-03-16 11:33:00','');
/*!40000 ALTER TABLE `sys_job` ENABLE KEYS */;
UNLOCK TABLES;

--
-- Table structure for table `sys_job_log`
--

DROP TABLE IF EXISTS `sys_job_log`;
/*!40101 SET @saved_cs_client     = @@character_set_client */;
 SET character_set_client = utf8mb4 ;
CREATE TABLE `sys_job_log` (
  `job_log_id` bigint(20) NOT NULL AUTO_INCREMENT COMMENT 'ä»»åŠ¡æ—¥å¿—ID',
  `job_name` varchar(64) NOT NULL COMMENT 'ä»»åŠ¡åç§°',
  `job_group` varchar(64) NOT NULL COMMENT 'ä»»åŠ¡ç»„å',
  `invoke_target` varchar(500) NOT NULL COMMENT 'è°ƒç”¨ç›®æ ‡å­—ç¬¦ä¸²',
  `job_message` varchar(500) DEFAULT NULL COMMENT 'æ—¥å¿—ä¿¡æ¯',
  `status` char(1) DEFAULT '0' COMMENT 'æ‰§è¡ŒçŠ¶æ€ï¼ˆ0æ­£å¸¸ 1å¤±è´¥ï¼‰',
  `exception_info` varchar(2000) DEFAULT '' COMMENT 'å¼‚å¸¸ä¿¡æ¯',
  `create_time` datetime DEFAULT NULL COMMENT 'åˆ›å»ºæ—¶é—´',
  PRIMARY KEY (`job_log_id`)
) ENGINE=InnoDB DEFAULT CHARSET=utf8mb4 COLLATE=utf8mb4_0900_ai_ci COMMENT='å®šæ—¶ä»»åŠ¡è°ƒåº¦æ—¥å¿—è¡¨';
/*!40101 SET character_set_client = @saved_cs_client */;

--
-- Dumping data for table `sys_job_log`
--

LOCK TABLES `sys_job_log` WRITE;
/*!40000 ALTER TABLE `sys_job_log` DISABLE KEYS */;
/*!40000 ALTER TABLE `sys_job_log` ENABLE KEYS */;
UNLOCK TABLES;

--
-- Table structure for table `sys_logininfor`
--

DROP TABLE IF EXISTS `sys_logininfor`;
/*!40101 SET @saved_cs_client     = @@character_set_client */;
 SET character_set_client = utf8mb4 ;
CREATE TABLE `sys_logininfor` (
  `info_id` bigint(20) NOT NULL AUTO_INCREMENT COMMENT 'è®¿é—®ID',
  `login_name` varchar(50) DEFAULT '' COMMENT 'ç™»å½•è´¦å·',
  `ipaddr` varchar(50) DEFAULT '' COMMENT 'ç™»å½•IPåœ°å€',
  `login_location` varchar(255) DEFAULT '' COMMENT 'ç™»å½•åœ°ç‚¹',
  `browser` varchar(50) DEFAULT '' COMMENT 'æµè§ˆå™¨ç±»å‹',
  `os` varchar(50) DEFAULT '' COMMENT 'æ“ä½œç³»ç»Ÿ',
  `status` char(1) DEFAULT '0' COMMENT 'ç™»å½•çŠ¶æ€ï¼ˆ0æˆåŠŸ 1å¤±è´¥ï¼‰',
  `msg` varchar(255) DEFAULT '' COMMENT 'æç¤ºæ¶ˆæ¯',
  `login_time` datetime DEFAULT NULL COMMENT 'è®¿é—®æ—¶é—´',
  PRIMARY KEY (`info_id`)
) ENGINE=InnoDB AUTO_INCREMENT=160 DEFAULT CHARSET=utf8mb4 COLLATE=utf8mb4_0900_ai_ci COMMENT='ç³»ç»Ÿè®¿é—®è®°å½•';
/*!40101 SET character_set_client = @saved_cs_client */;

--
-- Dumping data for table `sys_logininfor`
--

LOCK TABLES `sys_logininfor` WRITE;
/*!40000 ALTER TABLE `sys_logininfor` DISABLE KEYS */;
INSERT INTO `sys_logininfor` VALUES (100,'admin','127.0.0.1','å†…ç½‘IP','Chrome','Windows 10','1','å¯†ç è¾“å…¥é”™è¯¯1æ¬¡','2019-08-11 16:21:57'),(101,'admin','127.0.0.1','å†…ç½‘IP','Chrome','Windows 10','1','å¯†ç è¾“å…¥é”™è¯¯2æ¬¡','2019-08-11 16:22:05'),(102,'admin','127.0.0.1','å†…ç½‘IP','Chrome','Windows 10','0','ç™»å½•æˆåŠŸ','2019-08-11 16:22:16'),(103,'admin','127.0.0.1','å†…ç½‘IP','Chrome','Windows 10','0','ç™»å½•æˆåŠŸ','2019-08-11 16:53:06'),(104,'admin','127.0.0.1','å†…ç½‘IP','Chrome','Windows 10','0','ç™»å½•æˆåŠŸ','2019-08-18 15:57:45'),(105,'admin','127.0.0.1','å†…ç½‘IP','Chrome','Windows 10','1','éªŒè¯ç é”™è¯¯','2019-08-18 17:02:53'),(106,'admin','127.0.0.1','å†…ç½‘IP','Chrome','Windows 10','0','ç™»å½•æˆåŠŸ','2019-08-18 17:02:57'),(107,'admin','127.0.0.1','å†…ç½‘IP','Chrome','Windows 10','0','ç™»å½•æˆåŠŸ','2019-08-21 20:42:36'),(108,'admin','127.0.0.1','å†…ç½‘IP','Chrome','Windows 10','0','é€€å‡ºæˆåŠŸ','2019-08-21 20:54:08'),(109,'admin','127.0.0.1','å†…ç½‘IP','Chrome','Windows 10','1','éªŒè¯ç é”™è¯¯','2019-08-21 20:55:12'),(110,'admin','127.0.0.1','å†…ç½‘IP','Chrome','Windows 10','1','éªŒè¯ç é”™è¯¯','2019-08-21 20:55:16'),(111,'admin','127.0.0.1','å†…ç½‘IP','Chrome','Windows 10','0','ç™»å½•æˆåŠŸ','2019-08-21 20:55:21'),(112,'admin','127.0.0.1','å†…ç½‘IP','Chrome','Windows 10','0','é€€å‡ºæˆåŠŸ','2019-08-21 20:56:19'),(113,'test','127.0.0.1','å†…ç½‘IP','Chrome','Windows 10','0','ç™»å½•æˆåŠŸ','2019-08-21 20:56:28'),(114,'test','127.0.0.1','å†…ç½‘IP','Chrome','Windows 10','0','é€€å‡ºæˆåŠŸ','2019-08-21 20:56:38'),(115,'admin','127.0.0.1','å†…ç½‘IP','Chrome','Windows 10','1','éªŒè¯ç é”™è¯¯','2019-08-21 20:56:43'),(116,'admin','127.0.0.1','å†…ç½‘IP','Chrome','Windows 10','0','ç™»å½•æˆåŠŸ','2019-08-21 20:56:47'),(117,'admin','127.0.0.1','å†…ç½‘IP','Chrome','Windows 10','0','é€€å‡ºæˆåŠŸ','2019-08-21 20:57:10'),(118,'test','127.0.0.1','å†…ç½‘IP','Chrome','Windows 10','0','ç™»å½•æˆåŠŸ','2019-08-21 20:57:20'),(119,'test','127.0.0.1','å†…ç½‘IP','Chrome','Windows 10','0','é€€å‡ºæˆåŠŸ','2019-08-21 20:57:54'),(120,'admin','127.0.0.1','å†…ç½‘IP','Chrome','Windows 10','0','ç™»å½•æˆåŠŸ','2019-08-21 20:57:58'),(121,'admin','127.0.0.1','å†…ç½‘IP','Chrome','Windows 10','0','é€€å‡ºæˆåŠŸ','2019-08-21 20:58:40'),(122,'admin','127.0.0.1','å†…ç½‘IP','Chrome','Windows 10','1','éªŒè¯ç é”™è¯¯','2019-08-21 20:58:50'),(123,'admin','127.0.0.1','å†…ç½‘IP','Chrome','Windows 10','0','ç™»å½•æˆåŠŸ','2019-08-21 20:58:52'),(124,'admin','127.0.0.1','å†…ç½‘IP','Chrome','Windows 10','0','é€€å‡ºæˆåŠŸ','2019-08-21 21:00:26'),(125,'test','127.0.0.1','å†…ç½‘IP','Chrome','Windows 10','0','ç™»å½•æˆåŠŸ','2019-08-21 21:00:47'),(126,'test','127.0.0.1','å†…ç½‘IP','Chrome','Windows 10','0','é€€å‡ºæˆåŠŸ','2019-08-21 21:01:02'),(127,'admin','127.0.0.1','å†…ç½‘IP','Chrome','Windows 10','0','ç™»å½•æˆåŠŸ','2019-08-21 21:01:05'),(128,'admin','127.0.0.1','å†…ç½‘IP','Chrome','Windows 10','0','é€€å‡ºæˆåŠŸ','2019-08-21 21:01:30'),(129,'test','127.0.0.1','å†…ç½‘IP','Chrome','Windows 10','0','ç™»å½•æˆåŠŸ','2019-08-21 21:01:39'),(130,'test','127.0.0.1','å†…ç½‘IP','Chrome','Windows 10','0','é€€å‡ºæˆåŠŸ','2019-08-21 21:01:55'),(131,'test','127.0.0.1','å†…ç½‘IP','Chrome','Windows 10','0','ç™»å½•æˆåŠŸ','2019-08-21 21:02:11'),(132,'test','127.0.0.1','å†…ç½‘IP','Chrome','Windows 10','0','é€€å‡ºæˆåŠŸ','2019-08-21 21:02:18'),(133,'admin','127.0.0.1','å†…ç½‘IP','Chrome','Windows 10','0','ç™»å½•æˆåŠŸ','2019-08-21 21:02:21'),(134,'admin','127.0.0.1','å†…ç½‘IP','Chrome','Windows 10','0','é€€å‡ºæˆåŠŸ','2019-08-21 21:02:47'),(135,'test','127.0.0.1','å†…ç½‘IP','Chrome','Windows 10','0','ç™»å½•æˆåŠŸ','2019-08-21 21:02:55'),(136,'test','127.0.0.1','å†…ç½‘IP','Chrome','Windows 10','0','é€€å‡ºæˆåŠŸ','2019-08-21 21:03:50'),(137,'admin','127.0.0.1','å†…ç½‘IP','Chrome','Windows 10','0','ç™»å½•æˆåŠŸ','2019-08-21 21:03:53'),(138,'admin','127.0.0.1','å†…ç½‘IP','Chrome','Windows 10','0','é€€å‡ºæˆåŠŸ','2019-08-21 21:04:29'),(139,'test','127.0.0.1','å†…ç½‘IP','Chrome','Windows 10','0','ç™»å½•æˆåŠŸ','2019-08-21 21:04:37'),(140,'test','127.0.0.1','å†…ç½‘IP','Chrome','Windows 10','0','é€€å‡ºæˆåŠŸ','2019-08-21 21:04:46'),(141,'test','127.0.0.1','å†…ç½‘IP','Chrome','Windows 10','0','ç™»å½•æˆåŠŸ','2019-08-21 21:05:20'),(142,'test','127.0.0.1','å†…ç½‘IP','Chrome','Windows 10','0','é€€å‡ºæˆåŠŸ','2019-08-21 21:05:28'),(143,'admin','127.0.0.1','å†…ç½‘IP','Chrome','Windows 10','0','ç™»å½•æˆåŠŸ','2019-08-21 21:05:31'),(144,'admin','127.0.0.1','å†…ç½‘IP','Chrome','Windows 10','0','é€€å‡ºæˆåŠŸ','2019-08-21 21:05:59'),(145,'test','127.0.0.1','å†…ç½‘IP','Chrome','Windows 10','0','ç™»å½•æˆåŠŸ','2019-08-21 21:06:07'),(146,'admin','127.0.0.1','å†…ç½‘IP','Chrome','Windows 10','0','ç™»å½•æˆåŠŸ','2019-08-24 12:39:15'),(147,'admin','127.0.0.1','å†…ç½‘IP','Chrome','Windows 10','1','éªŒè¯ç é”™è¯¯','2019-08-24 14:01:09'),(148,'admin','127.0.0.1','å†…ç½‘IP','Chrome','Windows 10','0','ç™»å½•æˆåŠŸ','2019-08-24 14:01:11'),(149,'admin','127.0.0.1','å†…ç½‘IP','Chrome','Windows 10','0','ç™»å½•æˆåŠŸ','2019-08-24 14:18:48'),(150,'admin','127.0.0.1','å†…ç½‘IP','Chrome','Windows 10','0','é€€å‡ºæˆåŠŸ','2019-08-24 14:20:27'),(151,'admin','127.0.0.1','å†…ç½‘IP','Chrome','Windows 10','1','éªŒè¯ç é”™è¯¯','2019-08-24 14:20:30'),(152,'admin','127.0.0.1','å†…ç½‘IP','Chrome','Windows 10','0','ç™»å½•æˆåŠŸ','2019-08-24 14:20:32'),(153,'admin','127.0.0.1','å†…ç½‘IP','Chrome','Windows 10','0','ç™»å½•æˆåŠŸ','2019-08-24 14:26:04'),(154,'admin','127.0.0.1','å†…ç½‘IP','Firefox','Windows 10','1','å¯†ç è¾“å…¥é”™è¯¯1æ¬¡','2019-08-24 14:27:22'),(155,'admin','127.0.0.1','å†…ç½‘IP','Firefox','Windows 10','1','å¯†ç è¾“å…¥é”™è¯¯2æ¬¡','2019-08-24 14:27:27'),(156,'admin','127.0.0.1','å†…ç½‘IP','Firefox','Windows 10','0','ç™»å½•æˆåŠŸ','2019-08-24 14:27:34'),(157,'admin','127.0.0.1','å†…ç½‘IP','Chrome','Windows 10','0','ç™»å½•æˆåŠŸ','2019-08-24 14:28:36'),(158,'admin','127.0.0.1','å†…ç½‘IP','Microsoft Edge','Windows 10','1','å¯†ç è¾“å…¥é”™è¯¯1æ¬¡','2019-08-24 14:29:07'),(159,'admin','127.0.0.1','å†…ç½‘IP','Microsoft Edge','Windows 10','0','ç™»å½•æˆåŠŸ','2019-08-24 14:29:12');
/*!40000 ALTER TABLE `sys_logininfor` ENABLE KEYS */;
UNLOCK TABLES;

--
-- Table structure for table `sys_menu`
--

DROP TABLE IF EXISTS `sys_menu`;
/*!40101 SET @saved_cs_client     = @@character_set_client */;
 SET character_set_client = utf8mb4 ;
CREATE TABLE `sys_menu` (
  `menu_id` bigint(20) NOT NULL AUTO_INCREMENT COMMENT 'èœå•ID',
  `menu_name` varchar(50) NOT NULL COMMENT 'èœå•åç§°',
  `parent_id` bigint(20) DEFAULT '0' COMMENT 'çˆ¶èœå•ID',
  `order_num` int(4) DEFAULT '0' COMMENT 'æ˜¾ç¤ºé¡ºåº',
  `url` varchar(200) DEFAULT '#' COMMENT 'è¯·æ±‚åœ°å€',
  `target` varchar(20) DEFAULT '' COMMENT 'æ‰“å¼€æ–¹å¼ï¼ˆmenuItemé¡µç­¾ menuBlankæ–°çª—å£ï¼‰',
  `menu_type` char(1) DEFAULT '' COMMENT 'èœå•ç±»å‹ï¼ˆMç›®å½• Cèœå• FæŒ‰é’®ï¼‰',
  `visible` char(1) DEFAULT '0' COMMENT 'èœå•çŠ¶æ€ï¼ˆ0æ˜¾ç¤º 1éšè—ï¼‰',
  `perms` varchar(100) DEFAULT NULL COMMENT 'æƒé™æ ‡è¯†',
  `icon` varchar(100) DEFAULT '#' COMMENT 'èœå•å›¾æ ‡',
  `create_by` varchar(64) DEFAULT '' COMMENT 'åˆ›å»ºè€…',
  `create_time` datetime DEFAULT NULL COMMENT 'åˆ›å»ºæ—¶é—´',
  `update_by` varchar(64) DEFAULT '' COMMENT 'æ›´æ–°è€…',
  `update_time` datetime DEFAULT NULL COMMENT 'æ›´æ–°æ—¶é—´',
  `remark` varchar(500) DEFAULT '' COMMENT 'å¤‡æ³¨',
  PRIMARY KEY (`menu_id`)
) ENGINE=InnoDB AUTO_INCREMENT=2007 DEFAULT CHARSET=utf8mb4 COLLATE=utf8mb4_0900_ai_ci COMMENT='èœå•æƒé™è¡¨';
/*!40101 SET character_set_client = @saved_cs_client */;

--
-- Dumping data for table `sys_menu`
--

LOCK TABLES `sys_menu` WRITE;
/*!40000 ALTER TABLE `sys_menu` DISABLE KEYS */;
INSERT INTO `sys_menu` VALUES (1,'ç³»ç»Ÿç®¡ç†',0,1,'#','','M','0','','fa fa-gear','admin','2018-03-16 11:33:00','ry','2018-03-16 11:33:00','ç³»ç»Ÿç®¡ç†ç›®å½•'),(2,'ç³»ç»Ÿç›‘æ§',0,2,'#','','M','0','','fa fa-video-camera','admin','2018-03-16 11:33:00','ry','2018-03-16 11:33:00','ç³»ç»Ÿç›‘æ§ç›®å½•'),(3,'ç³»ç»Ÿå·¥å…·',0,3,'#','','M','0','','fa fa-bars','admin','2018-03-16 11:33:00','ry','2018-03-16 11:33:00','ç³»ç»Ÿå·¥å…·ç›®å½•'),(100,'ç”¨æˆ·ç®¡ç†',1,1,'/system/user','','C','0','system:user:view','#','admin','2018-03-16 11:33:00','ry','2018-03-16 11:33:00','ç”¨æˆ·ç®¡ç†èœå•'),(101,'è§’è‰²ç®¡ç†',1,2,'/system/role','','C','0','system:role:view','#','admin','2018-03-16 11:33:00','ry','2018-03-16 11:33:00','è§’è‰²ç®¡ç†èœå•'),(102,'èœå•ç®¡ç†',1,3,'/system/menu','','C','0','system:menu:view','#','admin','2018-03-16 11:33:00','ry','2018-03-16 11:33:00','èœå•ç®¡ç†èœå•'),(103,'éƒ¨é—¨ç®¡ç†',1,4,'/system/dept','','C','0','system:dept:view','#','admin','2018-03-16 11:33:00','ry','2018-03-16 11:33:00','éƒ¨é—¨ç®¡ç†èœå•'),(104,'å²—ä½ç®¡ç†',1,5,'/system/post','','C','0','system:post:view','#','admin','2018-03-16 11:33:00','ry','2018-03-16 11:33:00','å²—ä½ç®¡ç†èœå•'),(105,'å­—å…¸ç®¡ç†',1,6,'/system/dict','','C','0','system:dict:view','#','admin','2018-03-16 11:33:00','ry','2018-03-16 11:33:00','å­—å…¸ç®¡ç†èœå•'),(106,'å‚æ•°è®¾ç½®',1,7,'/system/config','','C','0','system:config:view','#','admin','2018-03-16 11:33:00','ry','2018-03-16 11:33:00','å‚æ•°è®¾ç½®èœå•'),(107,'é€šçŸ¥å…¬å‘Š',1,8,'/system/notice','','C','0','system:notice:view','#','admin','2018-03-16 11:33:00','ry','2018-03-16 11:33:00','é€šçŸ¥å…¬å‘Šèœå•'),(108,'æ—¥å¿—ç®¡ç†',1,9,'#','','M','0','','#','admin','2018-03-16 11:33:00','ry','2018-03-16 11:33:00','æ—¥å¿—ç®¡ç†èœå•'),(109,'åœ¨çº¿ç”¨æˆ·',2,1,'/monitor/online','','C','0','monitor:online:view','#','admin','2018-03-16 11:33:00','ry','2018-03-16 11:33:00','åœ¨çº¿ç”¨æˆ·èœå•'),(110,'å®šæ—¶ä»»åŠ¡',2,2,'/monitor/job','','C','0','monitor:job:view','#','admin','2018-03-16 11:33:00','ry','2018-03-16 11:33:00','å®šæ—¶ä»»åŠ¡èœå•'),(111,'æ•°æ®ç›‘æ§',2,3,'/monitor/data','','C','0','monitor:data:view','#','admin','2018-03-16 11:33:00','ry','2018-03-16 11:33:00','æ•°æ®ç›‘æ§èœå•'),(112,'æœåŠ¡ç›‘æ§',2,3,'/monitor/server','','C','0','monitor:server:view','#','admin','2018-03-16 11:33:00','ry','2018-03-16 11:33:00','æœåŠ¡ç›‘æ§èœå•'),(113,'è¡¨å•æ„å»º',3,1,'/tool/build','','C','0','tool:build:view','#','admin','2018-03-16 11:33:00','ry','2018-03-16 11:33:00','è¡¨å•æ„å»ºèœå•'),(114,'ä»£ç ç”Ÿæˆ',3,2,'/tool/gen','','C','0','tool:gen:view','#','admin','2018-03-16 11:33:00','ry','2018-03-16 11:33:00','ä»£ç ç”Ÿæˆèœå•'),(115,'ç³»ç»Ÿæ¥å£',3,3,'/tool/swagger','','C','0','tool:swagger:view','#','admin','2018-03-16 11:33:00','ry','2018-03-16 11:33:00','ç³»ç»Ÿæ¥å£èœå•'),(500,'æ“ä½œæ—¥å¿—',108,1,'/monitor/operlog','','C','0','monitor:operlog:view','#','admin','2018-03-16 11:33:00','ry','2018-03-16 11:33:00','æ“ä½œæ—¥å¿—èœå•'),(501,'ç™»å½•æ—¥å¿—',108,2,'/monitor/logininfor','','C','0','monitor:logininfor:view','#','admin','2018-03-16 11:33:00','ry','2018-03-16 11:33:00','ç™»å½•æ—¥å¿—èœå•'),(1000,'ç”¨æˆ·æŸ¥è¯¢',100,1,'#','','F','0','system:user:list','#','admin','2018-03-16 11:33:00','ry','2018-03-16 11:33:00',''),(1001,'ç”¨æˆ·æ–°å¢',100,2,'#','','F','0','system:user:add','#','admin','2018-03-16 11:33:00','ry','2018-03-16 11:33:00',''),(1002,'ç”¨æˆ·ä¿®æ”¹',100,3,'#','','F','0','system:user:edit','#','admin','2018-03-16 11:33:00','ry','2018-03-16 11:33:00',''),(1003,'ç”¨æˆ·åˆ é™¤',100,4,'#','','F','0','system:user:remove','#','admin','2018-03-16 11:33:00','ry','2018-03-16 11:33:00',''),(1004,'ç”¨æˆ·å¯¼å‡º',100,5,'#','','F','0','system:user:export','#','admin','2018-03-16 11:33:00','ry','2018-03-16 11:33:00',''),(1005,'ç”¨æˆ·å¯¼å…¥',100,6,'#','','F','0','system:user:import','#','admin','2018-03-16 11:33:00','ry','2018-03-16 11:33:00',''),(1006,'é‡ç½®å¯†ç ',100,7,'#','','F','0','system:user:resetPwd','#','admin','2018-03-16 11:33:00','ry','2018-03-16 11:33:00',''),(1007,'è§’è‰²æŸ¥è¯¢',101,1,'#','','F','0','system:role:list','#','admin','2018-03-16 11:33:00','ry','2018-03-16 11:33:00',''),(1008,'è§’è‰²æ–°å¢',101,2,'#','','F','0','system:role:add','#','admin','2018-03-16 11:33:00','ry','2018-03-16 11:33:00',''),(1009,'è§’è‰²ä¿®æ”¹',101,3,'#','','F','0','system:role:edit','#','admin','2018-03-16 11:33:00','ry','2018-03-16 11:33:00',''),(1010,'è§’è‰²åˆ é™¤',101,4,'#','','F','0','system:role:remove','#','admin','2018-03-16 11:33:00','ry','2018-03-16 11:33:00',''),(1011,'è§’è‰²å¯¼å‡º',101,5,'#','','F','0','system:role:export','#','admin','2018-03-16 11:33:00','ry','2018-03-16 11:33:00',''),(1012,'èœå•æŸ¥è¯¢',102,1,'#','','F','0','system:menu:list','#','admin','2018-03-16 11:33:00','ry','2018-03-16 11:33:00',''),(1013,'èœå•æ–°å¢',102,2,'#','','F','0','system:menu:add','#','admin','2018-03-16 11:33:00','ry','2018-03-16 11:33:00',''),(1014,'èœå•ä¿®æ”¹',102,3,'#','','F','0','system:menu:edit','#','admin','2018-03-16 11:33:00','ry','2018-03-16 11:33:00',''),(1015,'èœå•åˆ é™¤',102,4,'#','','F','0','system:menu:remove','#','admin','2018-03-16 11:33:00','ry','2018-03-16 11:33:00',''),(1016,'éƒ¨é—¨æŸ¥è¯¢',103,1,'#','','F','0','system:dept:list','#','admin','2018-03-16 11:33:00','ry','2018-03-16 11:33:00',''),(1017,'éƒ¨é—¨æ–°å¢',103,2,'#','','F','0','system:dept:add','#','admin','2018-03-16 11:33:00','ry','2018-03-16 11:33:00',''),(1018,'éƒ¨é—¨ä¿®æ”¹',103,3,'#','','F','0','system:dept:edit','#','admin','2018-03-16 11:33:00','ry','2018-03-16 11:33:00',''),(1019,'éƒ¨é—¨åˆ é™¤',103,4,'#','','F','0','system:dept:remove','#','admin','2018-03-16 11:33:00','ry','2018-03-16 11:33:00',''),(1020,'å²—ä½æŸ¥è¯¢',104,1,'#','','F','0','system:post:list','#','admin','2018-03-16 11:33:00','ry','2018-03-16 11:33:00',''),(1021,'å²—ä½æ–°å¢',104,2,'#','','F','0','system:post:add','#','admin','2018-03-16 11:33:00','ry','2018-03-16 11:33:00',''),(1022,'å²—ä½ä¿®æ”¹',104,3,'#','','F','0','system:post:edit','#','admin','2018-03-16 11:33:00','ry','2018-03-16 11:33:00',''),(1023,'å²—ä½åˆ é™¤',104,4,'#','','F','0','system:post:remove','#','admin','2018-03-16 11:33:00','ry','2018-03-16 11:33:00',''),(1024,'å²—ä½å¯¼å‡º',104,5,'#','','F','0','system:post:export','#','admin','2018-03-16 11:33:00','ry','2018-03-16 11:33:00',''),(1025,'å­—å…¸æŸ¥è¯¢',105,1,'#','','F','0','system:dict:list','#','admin','2018-03-16 11:33:00','ry','2018-03-16 11:33:00',''),(1026,'å­—å…¸æ–°å¢',105,2,'#','','F','0','system:dict:add','#','admin','2018-03-16 11:33:00','ry','2018-03-16 11:33:00',''),(1027,'å­—å…¸ä¿®æ”¹',105,3,'#','','F','0','system:dict:edit','#','admin','2018-03-16 11:33:00','ry','2018-03-16 11:33:00',''),(1028,'å­—å…¸åˆ é™¤',105,4,'#','','F','0','system:dict:remove','#','admin','2018-03-16 11:33:00','ry','2018-03-16 11:33:00',''),(1029,'å­—å…¸å¯¼å‡º',105,5,'#','','F','0','system:dict:export','#','admin','2018-03-16 11:33:00','ry','2018-03-16 11:33:00',''),(1030,'å‚æ•°æŸ¥è¯¢',106,1,'#','','F','0','system:config:list','#','admin','2018-03-16 11:33:00','ry','2018-03-16 11:33:00',''),(1031,'å‚æ•°æ–°å¢',106,2,'#','','F','0','system:config:add','#','admin','2018-03-16 11:33:00','ry','2018-03-16 11:33:00',''),(1032,'å‚æ•°ä¿®æ”¹',106,3,'#','','F','0','system:config:edit','#','admin','2018-03-16 11:33:00','ry','2018-03-16 11:33:00',''),(1033,'å‚æ•°åˆ é™¤',106,4,'#','','F','0','system:config:remove','#','admin','2018-03-16 11:33:00','ry','2018-03-16 11:33:00',''),(1034,'å‚æ•°å¯¼å‡º',106,5,'#','','F','0','system:config:export','#','admin','2018-03-16 11:33:00','ry','2018-03-16 11:33:00',''),(1035,'å…¬å‘ŠæŸ¥è¯¢',107,1,'#','','F','0','system:notice:list','#','admin','2018-03-16 11:33:00','ry','2018-03-16 11:33:00',''),(1036,'å…¬å‘Šæ–°å¢',107,2,'#','','F','0','system:notice:add','#','admin','2018-03-16 11:33:00','ry','2018-03-16 11:33:00',''),(1037,'å…¬å‘Šä¿®æ”¹',107,3,'#','','F','0','system:notice:edit','#','admin','2018-03-16 11:33:00','ry','2018-03-16 11:33:00',''),(1038,'å…¬å‘Šåˆ é™¤',107,4,'#','','F','0','system:notice:remove','#','admin','2018-03-16 11:33:00','ry','2018-03-16 11:33:00',''),(1039,'æ“ä½œæŸ¥è¯¢',500,1,'#','','F','0','monitor:operlog:list','#','admin','2018-03-16 11:33:00','ry','2018-03-16 11:33:00',''),(1040,'æ“ä½œåˆ é™¤',500,2,'#','','F','0','monitor:operlog:remove','#','admin','2018-03-16 11:33:00','ry','2018-03-16 11:33:00',''),(1041,'è¯¦ç»†ä¿¡æ¯',500,3,'#','','F','0','monitor:operlog:detail','#','admin','2018-03-16 11:33:00','ry','2018-03-16 11:33:00',''),(1042,'æ—¥å¿—å¯¼å‡º',500,4,'#','','F','0','monitor:operlog:export','#','admin','2018-03-16 11:33:00','ry','2018-03-16 11:33:00',''),(1043,'ç™»å½•æŸ¥è¯¢',501,1,'#','','F','0','monitor:logininfor:list','#','admin','2018-03-16 11:33:00','ry','2018-03-16 11:33:00',''),(1044,'ç™»å½•åˆ é™¤',501,2,'#','','F','0','monitor:logininfor:remove','#','admin','2018-03-16 11:33:00','ry','2018-03-16 11:33:00',''),(1045,'æ—¥å¿—å¯¼å‡º',501,3,'#','','F','0','monitor:logininfor:export','#','admin','2018-03-16 11:33:00','ry','2018-03-16 11:33:00',''),(1046,'åœ¨çº¿æŸ¥è¯¢',109,1,'#','','F','0','monitor:online:list','#','admin','2018-03-16 11:33:00','ry','2018-03-16 11:33:00',''),(1047,'æ‰¹é‡å¼ºé€€',109,2,'#','','F','0','monitor:online:batchForceLogout','#','admin','2018-03-16 11:33:00','ry','2018-03-16 11:33:00',''),(1048,'å•æ¡å¼ºé€€',109,3,'#','','F','0','monitor:online:forceLogout','#','admin','2018-03-16 11:33:00','ry','2018-03-16 11:33:00',''),(1049,'ä»»åŠ¡æŸ¥è¯¢',110,1,'#','','F','0','monitor:job:list','#','admin','2018-03-16 11:33:00','ry','2018-03-16 11:33:00',''),(1050,'ä»»åŠ¡æ–°å¢',110,2,'#','','F','0','monitor:job:add','#','admin','2018-03-16 11:33:00','ry','2018-03-16 11:33:00',''),(1051,'ä»»åŠ¡ä¿®æ”¹',110,3,'#','','F','0','monitor:job:edit','#','admin','2018-03-16 11:33:00','ry','2018-03-16 11:33:00',''),(1052,'ä»»åŠ¡åˆ é™¤',110,4,'#','','F','0','monitor:job:remove','#','admin','2018-03-16 11:33:00','ry','2018-03-16 11:33:00',''),(1053,'çŠ¶æ€ä¿®æ”¹',110,5,'#','','F','0','monitor:job:changeStatus','#','admin','2018-03-16 11:33:00','ry','2018-03-16 11:33:00',''),(1054,'ä»»åŠ¡è¯¦ç»†',110,6,'#','','F','0','monitor:job:detail','#','admin','2018-03-16 11:33:00','ry','2018-03-16 11:33:00',''),(1055,'ä»»åŠ¡å¯¼å‡º',110,7,'#','','F','0','monitor:job:export','#','admin','2018-03-16 11:33:00','ry','2018-03-16 11:33:00',''),(1056,'ç”ŸæˆæŸ¥è¯¢',114,1,'#','','F','0','tool:gen:list','#','admin','2018-03-16 11:33:00','ry','2018-03-16 11:33:00',''),(1057,'ç”Ÿæˆä¿®æ”¹',114,2,'#','','F','0','tool:gen:edit','#','admin','2018-03-16 11:33:00','ry','2018-03-16 11:33:00',''),(1058,'ç”Ÿæˆåˆ é™¤',114,3,'#','','F','0','tool:gen:remove','#','admin','2018-03-16 11:33:00','ry','2018-03-16 11:33:00',''),(1059,'é¢„è§ˆä»£ç ',114,4,'#','','F','0','tool:gen:preview','#','admin','2018-03-16 11:33:00','ry','2018-03-16 11:33:00',''),(1060,'ç”Ÿæˆä»£ç ',114,5,'#','','F','0','tool:gen:code','#','admin','2018-03-16 11:33:00','ry','2018-03-16 11:33:00',''),(2000,'CTEPHè°ƒæŸ¥',2005,1,'/system/cteph','menuItem','C','0','system:cteph:view','#','admin','2018-03-01 00:00:00','admin','2019-08-11 16:23:25','CTEPHè°ƒæŸ¥èœå•'),(2001,'CTEPHè°ƒæŸ¥æŸ¥è¯¢',2000,1,'#','','F','0','system:cteph:list','#','admin','2018-03-01 00:00:00','ry','2018-03-01 00:00:00',''),(2002,'CTEPHè°ƒæŸ¥æ–°å¢',2000,2,'#','','F','0','system:cteph:add','#','admin','2018-03-01 00:00:00','ry','2018-03-01 00:00:00',''),(2003,'CTEPHè°ƒæŸ¥ä¿®æ”¹',2000,3,'#','','F','0','system:cteph:edit','#','admin','2018-03-01 00:00:00','ry','2018-03-01 00:00:00',''),(2004,'CTEPHè°ƒæŸ¥åˆ é™¤',2000,4,'#','','F','0','system:cteph:remove','#','admin','2018-03-01 00:00:00','ry','2018-03-01 00:00:00',''),(2005,'åŒ»ç–—è¡¨å•',0,4,'#','menuItem','M','0',NULL,'fa fa-code-fork','admin','2019-08-11 16:23:10','',NULL,''),(2006,'CTEPHè°ƒæŸ¥è¯¦æƒ…',2000,5,'#','menuItem','F','0','system:cteph:view','#','admin','2019-08-24 14:11:15','',NULL,'');
/*!40000 ALTER TABLE `sys_menu` ENABLE KEYS */;
UNLOCK TABLES;

--
-- Table structure for table `sys_notice`
--

DROP TABLE IF EXISTS `sys_notice`;
/*!40101 SET @saved_cs_client     = @@character_set_client */;
 SET character_set_client = utf8mb4 ;
CREATE TABLE `sys_notice` (
  `notice_id` int(4) NOT NULL AUTO_INCREMENT COMMENT 'å…¬å‘ŠID',
  `notice_title` varchar(50) NOT NULL COMMENT 'å…¬å‘Šæ ‡é¢˜',
  `notice_type` char(1) NOT NULL COMMENT 'å…¬å‘Šç±»å‹ï¼ˆ1é€šçŸ¥ 2å…¬å‘Šï¼‰',
  `notice_content` varchar(2000) DEFAULT NULL COMMENT 'å…¬å‘Šå†…å®¹',
  `status` char(1) DEFAULT '0' COMMENT 'å…¬å‘ŠçŠ¶æ€ï¼ˆ0æ­£å¸¸ 1å…³é—­ï¼‰',
  `create_by` varchar(64) DEFAULT '' COMMENT 'åˆ›å»ºè€…',
  `create_time` datetime DEFAULT NULL COMMENT 'åˆ›å»ºæ—¶é—´',
  `update_by` varchar(64) DEFAULT '' COMMENT 'æ›´æ–°è€…',
  `update_time` datetime DEFAULT NULL COMMENT 'æ›´æ–°æ—¶é—´',
  `remark` varchar(255) DEFAULT NULL COMMENT 'å¤‡æ³¨',
  PRIMARY KEY (`notice_id`)
) ENGINE=InnoDB AUTO_INCREMENT=10 DEFAULT CHARSET=utf8mb4 COLLATE=utf8mb4_0900_ai_ci COMMENT='é€šçŸ¥å…¬å‘Šè¡¨';
/*!40101 SET character_set_client = @saved_cs_client */;

--
-- Dumping data for table `sys_notice`
--

LOCK TABLES `sys_notice` WRITE;
/*!40000 ALTER TABLE `sys_notice` DISABLE KEYS */;
INSERT INTO `sys_notice` VALUES (1,'æ¸©é¦¨æé†’ï¼š2018-07-01 è‹¥ä¾æ–°ç‰ˆæœ¬å‘å¸ƒå•¦','2','æ–°ç‰ˆæœ¬å†…å®¹','0','admin','2018-03-16 11:33:00','ry','2018-03-16 11:33:00','ç®¡ç†å‘˜'),(2,'ç»´æŠ¤é€šçŸ¥ï¼š2018-07-01 è‹¥ä¾ç³»ç»Ÿå‡Œæ™¨ç»´æŠ¤','1','ç»´æŠ¤å†…å®¹','0','admin','2018-03-16 11:33:00','ry','2018-03-16 11:33:00','ç®¡ç†å‘˜');
/*!40000 ALTER TABLE `sys_notice` ENABLE KEYS */;
UNLOCK TABLES;

--
-- Table structure for table `sys_oper_log`
--

DROP TABLE IF EXISTS `sys_oper_log`;
/*!40101 SET @saved_cs_client     = @@character_set_client */;
 SET character_set_client = utf8mb4 ;
CREATE TABLE `sys_oper_log` (
  `oper_id` bigint(20) NOT NULL AUTO_INCREMENT COMMENT 'æ—¥å¿—ä¸»é”®',
  `title` varchar(50) DEFAULT '' COMMENT 'æ¨¡å—æ ‡é¢˜',
  `business_type` int(2) DEFAULT '0' COMMENT 'ä¸šåŠ¡ç±»å‹ï¼ˆ0å…¶å®ƒ 1æ–°å¢ 2ä¿®æ”¹ 3åˆ é™¤ï¼‰',
  `method` varchar(100) DEFAULT '' COMMENT 'æ–¹æ³•åç§°',
  `operator_type` int(1) DEFAULT '0' COMMENT 'æ“ä½œç±»åˆ«ï¼ˆ0å…¶å®ƒ 1åå°ç”¨æˆ· 2æ‰‹æœºç«¯ç”¨æˆ·ï¼‰',
  `oper_name` varchar(50) DEFAULT '' COMMENT 'æ“ä½œäººå‘˜',
  `dept_name` varchar(50) DEFAULT '' COMMENT 'éƒ¨é—¨åç§°',
  `oper_url` varchar(255) DEFAULT '' COMMENT 'è¯·æ±‚URL',
  `oper_ip` varchar(50) DEFAULT '' COMMENT 'ä¸»æœºåœ°å€',
  `oper_location` varchar(255) DEFAULT '' COMMENT 'æ“ä½œåœ°ç‚¹',
  `oper_param` varchar(2000) DEFAULT '' COMMENT 'è¯·æ±‚å‚æ•°',
  `status` int(1) DEFAULT '0' COMMENT 'æ“ä½œçŠ¶æ€ï¼ˆ0æ­£å¸¸ 1å¼‚å¸¸ï¼‰',
  `error_msg` varchar(2000) DEFAULT '' COMMENT 'é”™è¯¯æ¶ˆæ¯',
  `oper_time` datetime DEFAULT NULL COMMENT 'æ“ä½œæ—¶é—´',
  PRIMARY KEY (`oper_id`)
) ENGINE=InnoDB AUTO_INCREMENT=135 DEFAULT CHARSET=utf8mb4 COLLATE=utf8mb4_0900_ai_ci COMMENT='æ“ä½œæ—¥å¿—è®°å½•';
/*!40101 SET character_set_client = @saved_cs_client */;

--
-- Dumping data for table `sys_oper_log`
--

LOCK TABLES `sys_oper_log` WRITE;
/*!40000 ALTER TABLE `sys_oper_log` DISABLE KEYS */;
INSERT INTO `sys_oper_log` VALUES (100,'é‡ç½®å¯†ç ',2,'com.ruoyi.web.controller.system.SysUserController.resetPwd()',1,'admin','ç ”å‘éƒ¨é—¨','/system/user/resetPwd/1','127.0.0.1','å†…ç½‘IP','{ }',0,NULL,'2019-08-11 16:22:24'),(101,'é‡ç½®å¯†ç ',2,'com.ruoyi.web.controller.system.SysUserController.resetPwdSave()',1,'admin','ç ”å‘éƒ¨é—¨','/system/user/resetPwd','127.0.0.1','å†…ç½‘IP','{\r\n  \"userId\" : [ \"1\" ],\r\n  \"loginName\" : [ \"admin\" ],\r\n  \"password\" : [ \"111111\" ]\r\n}',0,NULL,'2019-08-11 16:22:31'),(102,'èœå•ç®¡ç†',1,'com.ruoyi.web.controller.system.SysMenuController.addSave()',1,'admin','ç ”å‘éƒ¨é—¨','/system/menu/add','127.0.0.1','å†…ç½‘IP','{\r\n  \"parentId\" : [ \"0\" ],\r\n  \"menuType\" : [ \"M\" ],\r\n  \"menuName\" : [ \"åŒ»ç–—è¡¨å•\" ],\r\n  \"url\" : [ \"\" ],\r\n  \"target\" : [ \"menuItem\" ],\r\n  \"perms\" : [ \"\" ],\r\n  \"orderNum\" : [ \"4\" ],\r\n  \"icon\" : [ \"fa fa-code-fork\" ],\r\n  \"visible\" : [ \"0\" ]\r\n}',0,NULL,'2019-08-11 16:23:10'),(103,'èœå•ç®¡ç†',2,'com.ruoyi.web.controller.system.SysMenuController.editSave()',1,'admin','ç ”å‘éƒ¨é—¨','/system/menu/edit','127.0.0.1','å†…ç½‘IP','{\r\n  \"menuId\" : [ \"2000\" ],\r\n  \"parentId\" : [ \"2005\" ],\r\n  \"menuType\" : [ \"C\" ],\r\n  \"menuName\" : [ \"CTEPHè°ƒæŸ¥\" ],\r\n  \"url\" : [ \"/system/cteph\" ],\r\n  \"target\" : [ \"menuItem\" ],\r\n  \"perms\" : [ \"system:cteph:view\" ],\r\n  \"orderNum\" : [ \"1\" ],\r\n  \"icon\" : [ \"#\" ],\r\n  \"visible\" : [ \"0\" ]\r\n}',0,NULL,'2019-08-11 16:23:25'),(104,'CTEPHè°ƒæŸ¥',1,'com.ruoyi.web.controller.cteph.CtephController.addSave()',1,'admin','ç ”å‘éƒ¨é—¨','/system/cteph/add','127.0.0.1','å†…ç½‘IP','{\r\n  \"department\" : [ \"104\" ],\r\n  \"deptName\" : [ \"å¸‚åœºéƒ¨é—¨\" ],\r\n  \"patientName\" : [ \"å¼ ä¸‰\" ],\r\n  \"patientSex\" : [ \"0\" ],\r\n  \"patientAddress\" : [ \"åŒ—äº¬å¸‚æµ·æ·€åŒº\" ],\r\n  \"birthday\" : [ \"1995-01-30\" ],\r\n  \"height\" : [ \"184\" ],\r\n  \"weight\" : [ \"68\" ],\r\n  \"firsttime\" : [ \"2018-11-04\" ],\r\n  \"specialsigns\" : [ \"\" ],\r\n  \"vtehistory\" : [ \"\" ],\r\n  \"ape\" : [ \"\" ],\r\n  \"ledvt\" : [ \"\" ],\r\n  \"otherthrombus\" : [ \"\" ],\r\n  \"firstvtetime\" : [ \"\" ],\r\n  \"malignanttumor\" : [ \"\" ],\r\n  \"specifictumor\" : [ \"\" ],\r\n  \"malignanttumordate\" : [ \"\" ],\r\n  \"splenectomy\" : [ \"\" ],\r\n  \"splenectormydate\" : [ \"\" ],\r\n  \"pacemaker\" : [ \"\" ],\r\n  \"pacemakerdate\" : [ \"\" ],\r\n  \"atrialhistory\" : [ \"\" ],\r\n  \"atrialhistorydate\" : [ \"\" ],\r\n  \"levv\" : [ \"\" ],\r\n  \"levvdate\" : [ \"\" ],\r\n  \"ibd\" : [ \"\" ],\r\n  \"ibddiagnosis\" : [ \"\" ],\r\n  \"ibddate\" : [ \"\" ],\r\n  \"connectivetissue\" : [ \"\" ],\r\n  \"aas\" : [ \"\" ],\r\n  \"la\" : [ \"\" ],\r\n  \"aclIgg\" : [ \"\" ],\r\n  \"aclIgm\" : [ \"\" ],\r\n  \"lgg\" : [ \"\" ],\r\n  \"lgm\" : [ \"\" ],\r\n  \"sie\" : [ \"\" ],\r\n  \"sjogrens\" : [ \"\" ],\r\n  \"ssclerosis\" : [ \"\" ],\r\n  \"mctd\" : [ \"\" ],\r\n  \"rarthritis\" : [ \"\" ],\r\n  \"uctd\" : [ \"\" ],\r\n  \"octd\" : [ \"\" ],\r\n  \"octdspecific\" : [ \"\" ],\r\n  \"hps\" : [ \"\" ],\r\n  \"hcylevel\" : [ \"\" ],\r\n  \"maximum\" : [ \"\" ],\r\n  \"threeitems\" : [ \"\" ],\r\n  \"at\" : [ \"\" ],\r\n  \"proteins\" : [ \"\" ],\r\n  \"proteinc\" : [ \"\" ],\r\n  \"otherriskjudge\" : [ \"\" ],\r\n  \"otherrisk\" : [ \"\" ],\r\n  \"hypertension\" : [ \"\" ],\r\n  \"coronaryheart\" : [ \"\" ],\r\n  \"diabetes\" : [ \"\" ],\r\n  \"lhfailure\" : [ \"\" ],\r\n  \"lhfailurespecific\" : [ \"\" ],\r\n  \"renalinsufficiency\" : [ \"\" ],\r\n  \"cerebralinfarction\" : [ \"\" ],\r\n  \"copd\" : [ \"\" ],\r\n  \"congenitalheart\" : [ \"\" ],\r\n  \"chdspecific\" : [ \"\" ],\r\n  \"hypothyroidism\" : [ \"\" ],\r\n  \"hyperthyroidism\" : [ \"\" ],\r\n  \"anemia\" : [ \"\" ],\r\n  \"polycythemia\" : [ \"\" ],\r\n  \"eosinophilia\" : [ \"\" ],\r\n  \"plateletlower\" : [ \"\" ],\r\n  \"plateletup\" : [ \"\" ],\r\n  \"othercomplications\" : [ \"\" ],\r\n  \"othercomplicationss\" : [ \"\" ],\r\n  \"cteph\" : [ \"\" ],\r\n  \"sixmwd\" : [ \"\" ],\r\n  \"noreason1\" : [ \"\" ],\r\n  \"walking\" : [ \"\" ],\r\n  \"respirat',0,NULL,'2019-08-11 16:32:10'),(105,'CTEPHè°ƒæŸ¥',3,'com.ruoyi.web.controller.cteph.CtephController.remove()',1,'admin','ç ”å‘éƒ¨é—¨','/system/cteph/remove','127.0.0.1','å†…ç½‘IP','{\r\n  \"ids\" : [ \"6\" ]\r\n}',0,NULL,'2019-08-11 16:41:25'),(106,'CTEPHè°ƒæŸ¥',2,'com.ruoyi.web.controller.cteph.CtephController.editSave()',1,'admin','ç ”å‘éƒ¨é—¨','/system/cteph/edit','127.0.0.1','å†…ç½‘IP','{\r\n  \"id\" : [ \"6\" ],\r\n  \"patientAddress\" : [ \"åŒ—äº¬å¸‚æµ·æ·€åŒº\" ],\r\n  \"height\" : [ \"184.0\" ],\r\n  \"weight\" : [ \"68.0\" ],\r\n  \"firsttime\" : [ \"\" ],\r\n  \"specialsigns\" : [ \"\" ],\r\n  \"vtehistory\" : [ \"\" ],\r\n  \"ape\" : [ \"\" ],\r\n  \"ledvt\" : [ \"\" ],\r\n  \"otherthrombus\" : [ \"\" ],\r\n  \"firstvtetime\" : [ \"\" ],\r\n  \"malignanttumor\" : [ \"\" ],\r\n  \"specifictumor\" : [ \"\" ],\r\n  \"malignanttumordate\" : [ \"\" ],\r\n  \"splenectomy\" : [ \"\" ],\r\n  \"splenectormydate\" : [ \"\" ],\r\n  \"pacemaker\" : [ \"\" ],\r\n  \"pacemakerdate\" : [ \"\" ],\r\n  \"atrialhistory\" : [ \"\" ],\r\n  \"atrialhistorydate\" : [ \"\" ],\r\n  \"levv\" : [ \"\" ],\r\n  \"levvdate\" : [ \"\" ],\r\n  \"ibd\" : [ \"\" ],\r\n  \"ibddiagnosis\" : [ \"\" ],\r\n  \"ibddate\" : [ \"\" ],\r\n  \"connectivetissue\" : [ \"\" ],\r\n  \"aas\" : [ \"\" ],\r\n  \"la\" : [ \"\" ],\r\n  \"aclIgg\" : [ \"\" ],\r\n  \"aclIgm\" : [ \"\" ],\r\n  \"lgg\" : [ \"\" ],\r\n  \"lgm\" : [ \"\" ],\r\n  \"sie\" : [ \"\" ],\r\n  \"sjogrens\" : [ \"\" ],\r\n  \"ssclerosis\" : [ \"\" ],\r\n  \"mctd\" : [ \"\" ],\r\n  \"rarthritis\" : [ \"\" ],\r\n  \"uctd\" : [ \"\" ],\r\n  \"octd\" : [ \"\" ],\r\n  \"octdspecific\" : [ \"\" ],\r\n  \"hps\" : [ \"\" ],\r\n  \"hcylevel\" : [ \"\" ],\r\n  \"maximum\" : [ \"\" ],\r\n  \"threeitems\" : [ \"\" ],\r\n  \"at\" : [ \"\" ],\r\n  \"proteins\" : [ \"\" ],\r\n  \"proteinc\" : [ \"\" ],\r\n  \"otherriskjudge\" : [ \"\" ],\r\n  \"otherrisk\" : [ \"\" ],\r\n  \"hypertension\" : [ \"\" ],\r\n  \"coronaryheart\" : [ \"\" ],\r\n  \"diabetes\" : [ \"\" ],\r\n  \"lhfailure\" : [ \"\" ],\r\n  \"lhfailurespecific\" : [ \"\" ],\r\n  \"renalinsufficiency\" : [ \"\" ],\r\n  \"cerebralinfarction\" : [ \"\" ],\r\n  \"copd\" : [ \"\" ],\r\n  \"congenitalheart\" : [ \"\" ],\r\n  \"chdspecific\" : [ \"\" ],\r\n  \"hypothyroidism\" : [ \"\" ],\r\n  \"hyperthyroidism\" : [ \"\" ],\r\n  \"anemia\" : [ \"\" ],\r\n  \"polycythemia\" : [ \"\" ],\r\n  \"eosinophilia\" : [ \"\" ],\r\n  \"plateletlower\" : [ \"\" ],\r\n  \"plateletup\" : [ \"\" ],\r\n  \"othercomplications\" : [ \"\" ],\r\n  \"othercomplicationss\" : [ \"\" ],\r\n  \"cteph\" : [ \"\" ],\r\n  \"noreason1\" : [ \"\" ],\r\n  \"walking\" : [ \"\" ],\r\n  \"respiratory\" : [ \"\" ],\r\n  \"vcmax\" : [ \"\" ],\r\n  \"tlc\" : [ \"\" ],\r\n  \"rv\" : [ \"\" ],\r\n  \"rvtlc\" : [ \"\" ],\r\n  \"fev1\" : [ \"\" ],\r\n  \"fev1fvc\" : [ \"\" ],\r\n  \"fef\" : [ \"\" ],\r',0,NULL,'2019-08-11 17:04:58'),(107,'CTEPHè°ƒæŸ¥',2,'com.ruoyi.web.controller.cteph.CtephController.editSave()',1,'admin','ç ”å‘éƒ¨é—¨','/system/cteph/edit','127.0.0.1','å†…ç½‘IP','{\r\n  \"id\" : [ \"6\" ],\r\n  \"patientAddress\" : [ \"åŒ—äº¬å¸‚æµ·æ·€åŒº\" ],\r\n  \"height\" : [ \"184.0\" ],\r\n  \"weight\" : [ \"68.0\" ],\r\n  \"firsttime\" : [ \"\" ],\r\n  \"specialsigns\" : [ \"\" ],\r\n  \"vtehistory\" : [ \"\" ],\r\n  \"ape\" : [ \"\" ],\r\n  \"ledvt\" : [ \"\" ],\r\n  \"otherthrombus\" : [ \"\" ],\r\n  \"firstvtetime\" : [ \"\" ],\r\n  \"malignanttumor\" : [ \"\" ],\r\n  \"specifictumor\" : [ \"\" ],\r\n  \"malignanttumordate\" : [ \"\" ],\r\n  \"splenectomy\" : [ \"\" ],\r\n  \"splenectormydate\" : [ \"\" ],\r\n  \"pacemaker\" : [ \"\" ],\r\n  \"pacemakerdate\" : [ \"\" ],\r\n  \"atrialhistory\" : [ \"\" ],\r\n  \"atrialhistorydate\" : [ \"\" ],\r\n  \"levv\" : [ \"\" ],\r\n  \"levvdate\" : [ \"\" ],\r\n  \"ibd\" : [ \"\" ],\r\n  \"ibddiagnosis\" : [ \"\" ],\r\n  \"ibddate\" : [ \"\" ],\r\n  \"connectivetissue\" : [ \"\" ],\r\n  \"aas\" : [ \"\" ],\r\n  \"la\" : [ \"\" ],\r\n  \"aclIgg\" : [ \"\" ],\r\n  \"aclIgm\" : [ \"\" ],\r\n  \"lgg\" : [ \"\" ],\r\n  \"lgm\" : [ \"\" ],\r\n  \"sie\" : [ \"\" ],\r\n  \"sjogrens\" : [ \"\" ],\r\n  \"ssclerosis\" : [ \"\" ],\r\n  \"mctd\" : [ \"\" ],\r\n  \"rarthritis\" : [ \"\" ],\r\n  \"uctd\" : [ \"\" ],\r\n  \"octd\" : [ \"\" ],\r\n  \"octdspecific\" : [ \"\" ],\r\n  \"hps\" : [ \"\" ],\r\n  \"hcylevel\" : [ \"\" ],\r\n  \"maximum\" : [ \"\" ],\r\n  \"threeitems\" : [ \"\" ],\r\n  \"at\" : [ \"\" ],\r\n  \"proteins\" : [ \"\" ],\r\n  \"proteinc\" : [ \"\" ],\r\n  \"otherriskjudge\" : [ \"\" ],\r\n  \"otherrisk\" : [ \"\" ],\r\n  \"hypertension\" : [ \"\" ],\r\n  \"coronaryheart\" : [ \"\" ],\r\n  \"diabetes\" : [ \"\" ],\r\n  \"lhfailure\" : [ \"\" ],\r\n  \"lhfailurespecific\" : [ \"\" ],\r\n  \"renalinsufficiency\" : [ \"\" ],\r\n  \"cerebralinfarction\" : [ \"\" ],\r\n  \"copd\" : [ \"\" ],\r\n  \"congenitalheart\" : [ \"\" ],\r\n  \"chdspecific\" : [ \"\" ],\r\n  \"hypothyroidism\" : [ \"\" ],\r\n  \"hyperthyroidism\" : [ \"\" ],\r\n  \"anemia\" : [ \"\" ],\r\n  \"polycythemia\" : [ \"\" ],\r\n  \"eosinophilia\" : [ \"\" ],\r\n  \"plateletlower\" : [ \"\" ],\r\n  \"plateletup\" : [ \"\" ],\r\n  \"othercomplications\" : [ \"\" ],\r\n  \"othercomplicationss\" : [ \"\" ],\r\n  \"cteph\" : [ \"\" ],\r\n  \"noreason1\" : [ \"\" ],\r\n  \"walking\" : [ \"\" ],\r\n  \"respiratory\" : [ \"\" ],\r\n  \"vcmax\" : [ \"\" ],\r\n  \"tlc\" : [ \"\" ],\r\n  \"rv\" : [ \"\" ],\r\n  \"rvtlc\" : [ \"\" ],\r\n  \"fev1\" : [ \"\" ],\r\n  \"fev1fvc\" : [ \"\" ],\r\n  \"fef\" : [ \"\" ],\r',0,NULL,'2019-08-11 17:05:48'),(108,'ç”¨æˆ·ç®¡ç†',2,'com.ruoyi.web.controller.system.SysUserController.changeStatus()',1,'admin','ç ”å‘éƒ¨é—¨','/system/user/changeStatus','127.0.0.1','å†…ç½‘IP','{\r\n  \"userId\" : [ \"1\" ],\r\n  \"status\" : [ \"1\" ]\r\n}',1,'ä¸å…è®¸ä¿®æ”¹è¶…çº§ç®¡ç†å‘˜ç”¨æˆ·','2019-08-18 16:03:22'),(109,'ç”¨æˆ·ç®¡ç†',2,'com.ruoyi.web.controller.system.SysUserController.changeStatus()',1,'admin','ç ”å‘éƒ¨é—¨','/system/user/changeStatus','127.0.0.1','å†…ç½‘IP','{\r\n  \"userId\" : [ \"2\" ],\r\n  \"status\" : [ \"1\" ]\r\n}',0,NULL,'2019-08-18 16:03:25'),(110,'éƒ¨é—¨ç®¡ç†',2,'com.ruoyi.web.controller.system.SysDeptController.editSave()',1,'admin','ç ”å‘éƒ¨é—¨','/system/dept/edit','127.0.0.1','å†…ç½‘IP','{\r\n  \"deptId\" : [ \"101\" ],\r\n  \"parentId\" : [ \"100\" ],\r\n  \"parentName\" : [ \"è‹¥ä¾ç§‘æŠ€\" ],\r\n  \"deptName\" : [ \"åŒ—äº¬æ€»å…¬å¸\" ],\r\n  \"orderNum\" : [ \"1\" ],\r\n  \"leader\" : [ \"è‹¥ä¾\" ],\r\n  \"phone\" : [ \"15888888888\" ],\r\n  \"email\" : [ \"ry@qq.com\" ],\r\n  \"status\" : [ \"0\" ]\r\n}',0,NULL,'2019-08-21 20:49:12'),(111,'éƒ¨é—¨ç®¡ç†',2,'com.ruoyi.web.controller.system.SysDeptController.editSave()',1,'admin','ç ”å‘éƒ¨é—¨','/system/dept/edit','127.0.0.1','å†…ç½‘IP','{\r\n  \"deptId\" : [ \"100\" ],\r\n  \"parentId\" : [ \"0\" ],\r\n  \"parentName\" : [ \"æ— \" ],\r\n  \"deptName\" : [ \"åŒ»èšäº‘ç§‘æŠ€\" ],\r\n  \"orderNum\" : [ \"0\" ],\r\n  \"leader\" : [ \"è‹¥ä¾\" ],\r\n  \"phone\" : [ \"15888888888\" ],\r\n  \"email\" : [ \"ry@qq.com\" ],\r\n  \"status\" : [ \"0\" ]\r\n}',0,NULL,'2019-08-21 20:49:36'),(112,'éƒ¨é—¨ç®¡ç†',2,'com.ruoyi.web.controller.system.SysDeptController.editSave()',1,'admin','ç ”å‘éƒ¨é—¨','/system/dept/edit','127.0.0.1','å†…ç½‘IP','{\r\n  \"deptId\" : [ \"100\" ],\r\n  \"parentId\" : [ \"0\" ],\r\n  \"parentName\" : [ \"æ— \" ],\r\n  \"deptName\" : [ \"åŒ»èšäº‘ç§‘æŠ€\" ],\r\n  \"orderNum\" : [ \"0\" ],\r\n  \"leader\" : [ \"æ­¦ç¾å¥‡\" ],\r\n  \"phone\" : [ \"15888888888\" ],\r\n  \"email\" : [ \"wmq@qq.com\" ],\r\n  \"status\" : [ \"0\" ]\r\n}',0,NULL,'2019-08-21 20:50:06'),(113,'éƒ¨é—¨ç®¡ç†',2,'com.ruoyi.web.controller.system.SysDeptController.editSave()',1,'admin','ç ”å‘éƒ¨é—¨','/system/dept/edit','127.0.0.1','å†…ç½‘IP','{\r\n  \"deptId\" : [ \"101\" ],\r\n  \"parentId\" : [ \"100\" ],\r\n  \"parentName\" : [ \"åŒ»èšäº‘ç§‘æŠ€\" ],\r\n  \"deptName\" : [ \"åŒ—äº¬æ€»å…¬å¸\" ],\r\n  \"orderNum\" : [ \"1\" ],\r\n  \"leader\" : [ \"æåº·\" ],\r\n  \"phone\" : [ \"15888888888\" ],\r\n  \"email\" : [ \"lk@qq.com\" ],\r\n  \"status\" : [ \"0\" ]\r\n}',0,NULL,'2019-08-21 20:50:26'),(114,'éƒ¨é—¨ç®¡ç†',2,'com.ruoyi.web.controller.system.SysDeptController.editSave()',1,'admin','ç ”å‘éƒ¨é—¨','/system/dept/edit','127.0.0.1','å†…ç½‘IP','{\r\n  \"deptId\" : [ \"103\" ],\r\n  \"parentId\" : [ \"101\" ],\r\n  \"parentName\" : [ \"åŒ—äº¬æ€»å…¬å¸\" ],\r\n  \"deptName\" : [ \"ç ”å‘éƒ¨é—¨\" ],\r\n  \"orderNum\" : [ \"1\" ],\r\n  \"leader\" : [ \"é™ˆè´µæ–‡\" ],\r\n  \"phone\" : [ \"15888888888\" ],\r\n  \"email\" : [ \"cgw@qq.com\" ],\r\n  \"status\" : [ \"0\" ]\r\n}',0,NULL,'2019-08-21 20:50:50'),(115,'éƒ¨é—¨ç®¡ç†',2,'com.ruoyi.web.controller.system.SysDeptController.editSave()',1,'admin','ç ”å‘éƒ¨é—¨','/system/dept/edit','127.0.0.1','å†…ç½‘IP','{\r\n  \"deptId\" : [ \"104\" ],\r\n  \"parentId\" : [ \"101\" ],\r\n  \"parentName\" : [ \"åŒ—äº¬æ€»å…¬å¸\" ],\r\n  \"deptName\" : [ \"å¸‚åœºéƒ¨é—¨\" ],\r\n  \"orderNum\" : [ \"2\" ],\r\n  \"leader\" : [ \"è°­æ±Ÿå±±\" ],\r\n  \"phone\" : [ \"15888888888\" ],\r\n  \"email\" : [ \"tjs@qq.com\" ],\r\n  \"status\" : [ \"0\" ]\r\n}',0,NULL,'2019-08-21 20:51:13'),(116,'éƒ¨é—¨ç®¡ç†',2,'com.ruoyi.web.controller.system.SysDeptController.editSave()',1,'admin','ç ”å‘éƒ¨é—¨','/system/dept/edit','127.0.0.1','å†…ç½‘IP','{\r\n  \"deptId\" : [ \"102\" ],\r\n  \"parentId\" : [ \"100\" ],\r\n  \"parentName\" : [ \"åŒ»èšäº‘ç§‘æŠ€\" ],\r\n  \"deptName\" : [ \"ä¸´æ²‚åˆ†å…¬å¸\" ],\r\n  \"orderNum\" : [ \"2\" ],\r\n  \"leader\" : [ \"è‹¥ä¾\" ],\r\n  \"phone\" : [ \"15888888888\" ],\r\n  \"email\" : [ \"ry@qq.com\" ],\r\n  \"status\" : [ \"0\" ]\r\n}',0,NULL,'2019-08-21 20:53:15'),(117,'éƒ¨é—¨ç®¡ç†',2,'com.ruoyi.web.controller.system.SysDeptController.editSave()',1,'admin','ç ”å‘éƒ¨é—¨','/system/dept/edit','127.0.0.1','å†…ç½‘IP','{\r\n  \"deptId\" : [ \"102\" ],\r\n  \"parentId\" : [ \"100\" ],\r\n  \"parentName\" : [ \"åŒ»èšäº‘ç§‘æŠ€\" ],\r\n  \"deptName\" : [ \"ä¸´æ²‚åˆ†å…¬å¸\" ],\r\n  \"orderNum\" : [ \"2\" ],\r\n  \"leader\" : [ \"ç‹å‡¯\" ],\r\n  \"phone\" : [ \"15888888888\" ],\r\n  \"email\" : [ \"wk@qq.com\" ],\r\n  \"status\" : [ \"0\" ]\r\n}',0,NULL,'2019-08-21 20:53:45'),(118,'ç”¨æˆ·ç®¡ç†',1,'com.ruoyi.web.controller.system.SysUserController.addSave()',1,'admin','ç ”å‘éƒ¨é—¨','/system/user/add','127.0.0.1','å†…ç½‘IP','{\r\n  \"deptId\" : [ \"104\" ],\r\n  \"userName\" : [ \"æµ‹è¯•\" ],\r\n  \"deptName\" : [ \"å¸‚åœºéƒ¨é—¨\" ],\r\n  \"phonenumber\" : [ \"18099999999\" ],\r\n  \"email\" : [ \"test@qq.com\" ],\r\n  \"loginName\" : [ \"test\" ],\r\n  \"password\" : [ \"111111\" ],\r\n  \"sex\" : [ \"0\" ],\r\n  \"role\" : [ \"2\" ],\r\n  \"remark\" : [ \"\" ],\r\n  \"status\" : [ \"0\" ],\r\n  \"roleIds\" : [ \"2\" ],\r\n  \"postIds\" : [ \"\" ]\r\n}',0,NULL,'2019-08-21 20:56:05'),(119,'é‡ç½®å¯†ç ',2,'com.ruoyi.web.controller.system.SysUserController.resetPwd()',1,'admin','ç ”å‘éƒ¨é—¨','/system/user/resetPwd/100','127.0.0.1','å†…ç½‘IP','{ }',0,NULL,'2019-08-21 20:56:09'),(120,'é‡ç½®å¯†ç ',2,'com.ruoyi.web.controller.system.SysUserController.resetPwdSave()',1,'admin','ç ”å‘éƒ¨é—¨','/system/user/resetPwd','127.0.0.1','å†…ç½‘IP','{\r\n  \"userId\" : [ \"100\" ],\r\n  \"loginName\" : [ \"test\" ],\r\n  \"password\" : [ \"111111\" ]\r\n}',0,NULL,'2019-08-21 20:56:14'),(121,'ç”¨æˆ·ç®¡ç†',2,'com.ruoyi.web.controller.system.SysUserController.editSave()',1,'admin','ç ”å‘éƒ¨é—¨','/system/user/edit','127.0.0.1','å†…ç½‘IP','{\r\n  \"userId\" : [ \"100\" ],\r\n  \"deptId\" : [ \"104\" ],\r\n  \"userName\" : [ \"æµ‹è¯•\" ],\r\n  \"dept.deptName\" : [ \"å¸‚åœºéƒ¨é—¨\" ],\r\n  \"phonenumber\" : [ \"18099999999\" ],\r\n  \"email\" : [ \"test@qq.com\" ],\r\n  \"loginName\" : [ \"test\" ],\r\n  \"sex\" : [ \"0\" ],\r\n  \"role\" : [ \"1\", \"2\" ],\r\n  \"remark\" : [ \"\" ],\r\n  \"status\" : [ \"0\" ],\r\n  \"roleIds\" : [ \"1,2\" ],\r\n  \"postIds\" : [ \"\" ]\r\n}',0,NULL,'2019-08-21 20:57:08'),(122,'è§’è‰²ç®¡ç†',2,'com.ruoyi.web.controller.system.SysRoleController.editSave()',1,'admin','ç ”å‘éƒ¨é—¨','/system/role/edit','127.0.0.1','å†…ç½‘IP','{\r\n  \"roleId\" : [ \"2\" ],\r\n  \"roleName\" : [ \"æ™®é€šè§’è‰²\" ],\r\n  \"roleKey\" : [ \"common\" ],\r\n  \"roleSort\" : [ \"2\" ],\r\n  \"status\" : [ \"0\" ],\r\n  \"remark\" : [ \"æ™®é€šè§’è‰²\" ],\r\n  \"menuIds\" : [ \"1,100,1000,1001,1002,1003,1004,1005,1006,108,500,1039,1040,1041,1042,501,1043,1044,1045,2,109,1046,1047,1048\" ]\r\n}',0,NULL,'2019-08-21 21:00:00'),(123,'ç”¨æˆ·ç®¡ç†',2,'com.ruoyi.web.controller.system.SysUserController.editSave()',1,'admin','ç ”å‘éƒ¨é—¨','/system/user/edit','127.0.0.1','å†…ç½‘IP','{\r\n  \"userId\" : [ \"100\" ],\r\n  \"deptId\" : [ \"104\" ],\r\n  \"userName\" : [ \"æµ‹è¯•\" ],\r\n  \"dept.deptName\" : [ \"å¸‚åœºéƒ¨é—¨\" ],\r\n  \"phonenumber\" : [ \"18099999999\" ],\r\n  \"email\" : [ \"test@qq.com\" ],\r\n  \"loginName\" : [ \"test\" ],\r\n  \"sex\" : [ \"0\" ],\r\n  \"role\" : [ \"2\" ],\r\n  \"remark\" : [ \"\" ],\r\n  \"status\" : [ \"0\" ],\r\n  \"roleIds\" : [ \"2\" ],\r\n  \"postIds\" : [ \"\" ]\r\n}',0,NULL,'2019-08-21 21:01:17'),(124,'è§’è‰²ç®¡ç†',2,'com.ruoyi.web.controller.system.SysRoleController.editSave()',1,'admin','ç ”å‘éƒ¨é—¨','/system/role/edit','127.0.0.1','å†…ç½‘IP','{\r\n  \"roleId\" : [ \"2\" ],\r\n  \"roleName\" : [ \"æ™®é€šè§’è‰²\" ],\r\n  \"roleKey\" : [ \"common\" ],\r\n  \"roleSort\" : [ \"2\" ],\r\n  \"status\" : [ \"0\" ],\r\n  \"remark\" : [ \"æ™®é€šè§’è‰²\" ],\r\n  \"menuIds\" : [ \"1,100,1000,1001,1002,1003,1004,1005,1006,108,500,1039,1040,1041,1042,501,1043,1044,1045,2,109,1046,1047,1048,2005,2000,2001,2002,2003,2004\" ]\r\n}',0,NULL,'2019-08-21 21:02:39'),(125,'è§’è‰²ç®¡ç†',2,'com.ruoyi.web.controller.system.SysRoleController.authDataScopeSave()',1,'admin','ç ”å‘éƒ¨é—¨','/system/role/authDataScope','127.0.0.1','å†…ç½‘IP','{\r\n  \"roleId\" : [ \"2\" ],\r\n  \"roleName\" : [ \"æ™®é€šè§’è‰²\" ],\r\n  \"roleKey\" : [ \"common\" ],\r\n  \"dataScope\" : [ \"2\" ],\r\n  \"deptIds\" : [ \"100,101,105\" ]\r\n}',0,NULL,'2019-08-21 21:02:44'),(126,'CTEPHè°ƒæŸ¥',1,'com.ruoyi.web.controller.cteph.CtephController.addSave()',1,'test','å¸‚åœºéƒ¨é—¨','/system/cteph/add','127.0.0.1','å†…ç½‘IP','{\r\n  \"status\" : [ \"1\" ],\r\n  \"roleIds\" : [ \"\" ],\r\n  \"postIds\" : [ \"\" ]\r\n}',0,NULL,'2019-08-21 21:03:27'),(127,'CTEPHè°ƒæŸ¥',3,'com.ruoyi.web.controller.cteph.CtephController.remove()',1,'admin','ç ”å‘éƒ¨é—¨','/system/cteph/remove','127.0.0.1','å†…ç½‘IP','{\r\n  \"ids\" : [ \"8\" ]\r\n}',0,NULL,'2019-08-21 21:04:03'),(128,'è§’è‰²ç®¡ç†',2,'com.ruoyi.web.controller.system.SysRoleController.editSave()',1,'admin','ç ”å‘éƒ¨é—¨','/system/role/edit','127.0.0.1','å†…ç½‘IP','{\r\n  \"roleId\" : [ \"2\" ],\r\n  \"roleName\" : [ \"æ™®é€šè§’è‰²\" ],\r\n  \"roleKey\" : [ \"common\" ],\r\n  \"roleSort\" : [ \"2\" ],\r\n  \"status\" : [ \"0\" ],\r\n  \"remark\" : [ \"æ™®é€šè§’è‰²\" ],\r\n  \"menuIds\" : [ \"1,100,1000,1001,1002,1003,1004,1005,1006,108,500,1039,1040,1041,1042,501,1043,1044,1045,2,109,1046,1047,1048\" ]\r\n}',0,NULL,'2019-08-21 21:04:22'),(129,'è§’è‰²ç®¡ç†',2,'com.ruoyi.web.controller.system.SysRoleController.editSave()',1,'admin','ç ”å‘éƒ¨é—¨','/system/role/edit','127.0.0.1','å†…ç½‘IP','{\r\n  \"roleId\" : [ \"2\" ],\r\n  \"roleName\" : [ \"æ™®é€šè§’è‰²\" ],\r\n  \"roleKey\" : [ \"common\" ],\r\n  \"roleSort\" : [ \"2\" ],\r\n  \"status\" : [ \"0\" ],\r\n  \"remark\" : [ \"æ™®é€šè§’è‰²\" ],\r\n  \"menuIds\" : [ \"1,100,1000,1001,1002,1003,1004,1005,1006,108,500,1039,1040,1041,1042,501,1043,1044,1045,2,109,1046,1047,1048,2005,2000,2001,2002,2003,2004\" ]\r\n}',0,NULL,'2019-08-21 21:05:53'),(130,'è§’è‰²ç®¡ç†',2,'com.ruoyi.web.controller.system.SysRoleController.authDataScopeSave()',1,'admin','ç ”å‘éƒ¨é—¨','/system/role/authDataScope','127.0.0.1','å†…ç½‘IP','{\r\n  \"roleId\" : [ \"2\" ],\r\n  \"roleName\" : [ \"æ™®é€šè§’è‰²\" ],\r\n  \"roleKey\" : [ \"common\" ],\r\n  \"dataScope\" : [ \"2\" ],\r\n  \"deptIds\" : [ \"100,101,105\" ]\r\n}',0,NULL,'2019-08-21 21:05:57'),(131,'CTEPHè°ƒæŸ¥',2,'com.ruoyi.web.controller.cteph.CtephController.editSave()',1,'test','å¸‚åœºéƒ¨é—¨','/system/cteph/edit','127.0.0.1','å†…ç½‘IP','{\r\n  \"id\" : [ \"6\" ],\r\n  \"patientAddress\" : [ \"åŒ—äº¬å¸‚æµ·æ·€åŒº\" ],\r\n  \"height\" : [ \"184.0\" ],\r\n  \"weight\" : [ \"80\" ],\r\n  \"firsttime\" : [ \"\" ],\r\n  \"specialsigns\" : [ \"\" ],\r\n  \"vtehistory\" : [ \"\" ],\r\n  \"ape\" : [ \"\" ],\r\n  \"ledvt\" : [ \"\" ],\r\n  \"otherthrombus\" : [ \"\" ],\r\n  \"firstvtetime\" : [ \"\" ],\r\n  \"malignanttumor\" : [ \"\" ],\r\n  \"specifictumor\" : [ \"\" ],\r\n  \"malignanttumordate\" : [ \"\" ],\r\n  \"splenectomy\" : [ \"\" ],\r\n  \"splenectormydate\" : [ \"\" ],\r\n  \"pacemaker\" : [ \"\" ],\r\n  \"pacemakerdate\" : [ \"\" ],\r\n  \"atrialhistory\" : [ \"\" ],\r\n  \"atrialhistorydate\" : [ \"\" ],\r\n  \"levv\" : [ \"\" ],\r\n  \"levvdate\" : [ \"\" ],\r\n  \"ibd\" : [ \"\" ],\r\n  \"ibddiagnosis\" : [ \"\" ],\r\n  \"ibddate\" : [ \"\" ],\r\n  \"connectivetissue\" : [ \"\" ],\r\n  \"aas\" : [ \"\" ],\r\n  \"la\" : [ \"\" ],\r\n  \"aclIgg\" : [ \"\" ],\r\n  \"aclIgm\" : [ \"\" ],\r\n  \"lgg\" : [ \"\" ],\r\n  \"lgm\" : [ \"\" ],\r\n  \"sie\" : [ \"\" ],\r\n  \"sjogrens\" : [ \"\" ],\r\n  \"ssclerosis\" : [ \"\" ],\r\n  \"mctd\" : [ \"\" ],\r\n  \"rarthritis\" : [ \"\" ],\r\n  \"uctd\" : [ \"\" ],\r\n  \"octd\" : [ \"\" ],\r\n  \"octdspecific\" : [ \"\" ],\r\n  \"hps\" : [ \"\" ],\r\n  \"hcylevel\" : [ \"\" ],\r\n  \"maximum\" : [ \"\" ],\r\n  \"threeitems\" : [ \"\" ],\r\n  \"at\" : [ \"\" ],\r\n  \"proteins\" : [ \"\" ],\r\n  \"proteinc\" : [ \"\" ],\r\n  \"otherriskjudge\" : [ \"\" ],\r\n  \"otherrisk\" : [ \"\" ],\r\n  \"hypertension\" : [ \"\" ],\r\n  \"coronaryheart\" : [ \"\" ],\r\n  \"diabetes\" : [ \"\" ],\r\n  \"lhfailure\" : [ \"\" ],\r\n  \"lhfailurespecific\" : [ \"\" ],\r\n  \"renalinsufficiency\" : [ \"\" ],\r\n  \"cerebralinfarction\" : [ \"\" ],\r\n  \"copd\" : [ \"\" ],\r\n  \"congenitalheart\" : [ \"\" ],\r\n  \"chdspecific\" : [ \"\" ],\r\n  \"hypothyroidism\" : [ \"\" ],\r\n  \"hyperthyroidism\" : [ \"\" ],\r\n  \"anemia\" : [ \"\" ],\r\n  \"polycythemia\" : [ \"\" ],\r\n  \"eosinophilia\" : [ \"\" ],\r\n  \"plateletlower\" : [ \"\" ],\r\n  \"plateletup\" : [ \"\" ],\r\n  \"othercomplications\" : [ \"\" ],\r\n  \"othercomplicationss\" : [ \"\" ],\r\n  \"cteph\" : [ \"\" ],\r\n  \"noreason1\" : [ \"\" ],\r\n  \"walking\" : [ \"\" ],\r\n  \"respiratory\" : [ \"\" ],\r\n  \"vcmax\" : [ \"\" ],\r\n  \"tlc\" : [ \"\" ],\r\n  \"rv\" : [ \"\" ],\r\n  \"rvtlc\" : [ \"\" ],\r\n  \"fev1\" : [ \"\" ],\r\n  \"fev1fvc\" : [ \"\" ],\r\n  \"fef\" : [ \"\" ],\r\n ',0,NULL,'2019-08-21 21:06:25'),(132,'CTEPHè°ƒæŸ¥',1,'com.ruoyi.web.controller.cteph.CtephController.addSave()',1,'admin','ç ”å‘éƒ¨é—¨','/system/cteph/add','127.0.0.1','å†…ç½‘IP','{\r\n  \"department\" : [ \"104\" ],\r\n  \"deptName\" : [ \"å¸‚åœºéƒ¨é—¨\" ],\r\n  \"patientName\" : [ \"å¼ ä¸‰\" ],\r\n  \"patientSex\" : [ \"0\" ],\r\n  \"patientAddress\" : [ \"åŒ—äº¬å¸‚\" ],\r\n  \"birthday\" : [ \"1969-02-28\" ],\r\n  \"height\" : [ \"166\" ],\r\n  \"weight\" : [ \"65\" ],\r\n  \"firsttime\" : [ \"\" ],\r\n  \"specialsigns\" : [ \"\" ],\r\n  \"vtehistory\" : [ \"\" ],\r\n  \"ape\" : [ \"\" ],\r\n  \"ledvt\" : [ \"\" ],\r\n  \"otherthrombus\" : [ \"\" ],\r\n  \"firstvtetime\" : [ \"\" ],\r\n  \"vterelapse\" : [ \"\" ],\r\n  \"malignanttumor\" : [ \"\" ],\r\n  \"specifictumor\" : [ \"\" ],\r\n  \"malignanttumordate\" : [ \"\" ],\r\n  \"splenectomy\" : [ \"\" ],\r\n  \"splenectormydate\" : [ \"\" ],\r\n  \"pacemaker\" : [ \"\" ],\r\n  \"pacemakerdate\" : [ \"\" ],\r\n  \"atrialhistory\" : [ \"\" ],\r\n  \"atrialhistorydate\" : [ \"\" ],\r\n  \"levv\" : [ \"\" ],\r\n  \"levvdate\" : [ \"\" ],\r\n  \"ibd\" : [ \"\" ],\r\n  \"ibddiagnosis\" : [ \"\" ],\r\n  \"ibddate\" : [ \"\" ],\r\n  \"connectivetissue\" : [ \"\" ],\r\n  \"aas\" : [ \"\" ],\r\n  \"la\" : [ \"\" ],\r\n  \"aclIgg\" : [ \"\" ],\r\n  \"aclIgm\" : [ \"\" ],\r\n  \"lgg\" : [ \"\" ],\r\n  \"lgm\" : [ \"\" ],\r\n  \"sie\" : [ \"\" ],\r\n  \"sjogrens\" : [ \"\" ],\r\n  \"ssclerosis\" : [ \"\" ],\r\n  \"mctd\" : [ \"\" ],\r\n  \"rarthritis\" : [ \"\" ],\r\n  \"uctd\" : [ \"\" ],\r\n  \"octd\" : [ \"\" ],\r\n  \"octdspecific\" : [ \"\" ],\r\n  \"hps\" : [ \"\" ],\r\n  \"hcylevel\" : [ \"\" ],\r\n  \"maximum\" : [ \"\" ],\r\n  \"threeitems\" : [ \"\" ],\r\n  \"at\" : [ \"\" ],\r\n  \"proteins\" : [ \"\" ],\r\n  \"proteinc\" : [ \"\" ],\r\n  \"hat\" : [ \"\" ],\r\n  \"otherriskjudge\" : [ \"\" ],\r\n  \"otherrisk\" : [ \"\" ],\r\n  \"hypertension\" : [ \"\" ],\r\n  \"coronaryheart\" : [ \"\" ],\r\n  \"revascularization\" : [ \"\" ],\r\n  \"diabetes\" : [ \"\" ],\r\n  \"lhfailure\" : [ \"\" ],\r\n  \"lhfailurespecific\" : [ \"\" ],\r\n  \"renalinsufficiency\" : [ \"\" ],\r\n  \"cerebralinfarction\" : [ \"\" ],\r\n  \"copd\" : [ \"\" ],\r\n  \"congenitalheart\" : [ \"\" ],\r\n  \"chdspecific\" : [ \"\" ],\r\n  \"hypothyroidism\" : [ \"\" ],\r\n  \"hyperthyroidism\" : [ \"\" ],\r\n  \"anemia\" : [ \"\" ],\r\n  \"polycythemia\" : [ \"\" ],\r\n  \"eosinophilia\" : [ \"\" ],\r\n  \"plateletlower\" : [ \"\" ],\r\n  \"plateletup\" : [ \"\" ],\r\n  \"othercomplications\" : [ \"\" ],\r\n  \"othercomplicationss\" : [ \"\" ],\r\n  \"cteph\" : [ \"\" ],\r\n  \"sixmwd\" : [ \"',0,NULL,'2019-08-24 12:40:23'),(133,'èœå•ç®¡ç†',1,'com.ruoyi.web.controller.system.SysMenuController.addSave()',1,'admin','ç ”å‘éƒ¨é—¨','/system/menu/add','127.0.0.1','å†…ç½‘IP','{\r\n  \"parentId\" : [ \"0\" ],\r\n  \"menuType\" : [ \"F\" ],\r\n  \"menuName\" : [ \"CTEPHè°ƒæŸ¥è¯¦æƒ…\" ],\r\n  \"url\" : [ \"\" ],\r\n  \"target\" : [ \"menuItem\" ],\r\n  \"perms\" : [ \"system:cteph:view\" ],\r\n  \"orderNum\" : [ \"5\" ],\r\n  \"icon\" : [ \"\" ],\r\n  \"visible\" : [ \"0\" ]\r\n}',0,NULL,'2019-08-24 14:11:15'),(134,'è§’è‰²ç®¡ç†',2,'com.ruoyi.web.controller.system.SysRoleController.editSave()',1,'admin','ç ”å‘éƒ¨é—¨','/system/role/edit','127.0.0.1','å†…ç½‘IP','{\r\n  \"roleId\" : [ \"1\" ],\r\n  \"roleName\" : [ \"ç®¡ç†å‘˜\" ],\r\n  \"roleKey\" : [ \"admin\" ],\r\n  \"roleSort\" : [ \"1\" ],\r\n  \"status\" : [ \"0\" ],\r\n  \"remark\" : [ \"ç®¡ç†å‘˜\" ],\r\n  \"menuIds\" : [ \"1,100,1000,1001,1002,1003,1004,1005,1006,101,1007,1008,1009,1010,1011,102,1012,1013,1014,1015,103,1016,1017,1018,1019,104,1020,1021,1022,1023,1024,105,1025,1026,1027,1028,1029,106,1030,1031,1032,1033,1034,107,1035,1036,1037,1038,108,500,1039,1040,1041,1042,501,1043,1044,1045,2,109,1046,1047,1048,110,1049,1050,1051,1052,1053,1054,1055,111,112,3,113,114,1056,1057,1058,1059,1060,115,2005,2000,2001,2002,2003,2004,2006\" ]\r\n}',0,NULL,'2019-08-24 14:20:23');
/*!40000 ALTER TABLE `sys_oper_log` ENABLE KEYS */;
UNLOCK TABLES;

--
-- Table structure for table `sys_post`
--

DROP TABLE IF EXISTS `sys_post`;
/*!40101 SET @saved_cs_client     = @@character_set_client */;
 SET character_set_client = utf8mb4 ;
CREATE TABLE `sys_post` (
  `post_id` bigint(20) NOT NULL AUTO_INCREMENT COMMENT 'å²—ä½ID',
  `post_code` varchar(64) NOT NULL COMMENT 'å²—ä½ç¼–ç ',
  `post_name` varchar(50) NOT NULL COMMENT 'å²—ä½åç§°',
  `post_sort` int(4) NOT NULL COMMENT 'æ˜¾ç¤ºé¡ºåº',
  `status` char(1) NOT NULL COMMENT 'çŠ¶æ€ï¼ˆ0æ­£å¸¸ 1åœç”¨ï¼‰',
  `create_by` varchar(64) DEFAULT '' COMMENT 'åˆ›å»ºè€…',
  `create_time` datetime DEFAULT NULL COMMENT 'åˆ›å»ºæ—¶é—´',
  `update_by` varchar(64) DEFAULT '' COMMENT 'æ›´æ–°è€…',
  `update_time` datetime DEFAULT NULL COMMENT 'æ›´æ–°æ—¶é—´',
  `remark` varchar(500) DEFAULT NULL COMMENT 'å¤‡æ³¨',
  PRIMARY KEY (`post_id`)
) ENGINE=InnoDB AUTO_INCREMENT=5 DEFAULT CHARSET=utf8mb4 COLLATE=utf8mb4_0900_ai_ci COMMENT='å²—ä½ä¿¡æ¯è¡¨';
/*!40101 SET character_set_client = @saved_cs_client */;

--
-- Dumping data for table `sys_post`
--

LOCK TABLES `sys_post` WRITE;
/*!40000 ALTER TABLE `sys_post` DISABLE KEYS */;
INSERT INTO `sys_post` VALUES (1,'ceo','è‘£äº‹é•¿',1,'0','admin','2018-03-16 11:33:00','ry','2018-03-16 11:33:00',''),(2,'se','é¡¹ç›®ç»ç†',2,'0','admin','2018-03-16 11:33:00','ry','2018-03-16 11:33:00',''),(3,'hr','äººåŠ›èµ„æº',3,'0','admin','2018-03-16 11:33:00','ry','2018-03-16 11:33:00',''),(4,'user','æ™®é€šå‘˜å·¥',4,'0','admin','2018-03-16 11:33:00','ry','2018-03-16 11:33:00','');
/*!40000 ALTER TABLE `sys_post` ENABLE KEYS */;
UNLOCK TABLES;

--
-- Table structure for table `sys_role`
--

DROP TABLE IF EXISTS `sys_role`;
/*!40101 SET @saved_cs_client     = @@character_set_client */;
 SET character_set_client = utf8mb4 ;
CREATE TABLE `sys_role` (
  `role_id` bigint(20) NOT NULL AUTO_INCREMENT COMMENT 'è§’è‰²ID',
  `role_name` varchar(30) NOT NULL COMMENT 'è§’è‰²åç§°',
  `role_key` varchar(100) NOT NULL COMMENT 'è§’è‰²æƒé™å­—ç¬¦ä¸²',
  `role_sort` int(4) NOT NULL COMMENT 'æ˜¾ç¤ºé¡ºåº',
  `data_scope` char(1) DEFAULT '1' COMMENT 'æ•°æ®èŒƒå›´ï¼ˆ1ï¼šå…¨éƒ¨æ•°æ®æƒé™ 2ï¼šè‡ªå®šæ•°æ®æƒé™ 3ï¼šæœ¬éƒ¨é—¨æ•°æ®æƒé™ 4ï¼šæœ¬éƒ¨é—¨åŠä»¥ä¸‹æ•°æ®æƒé™ï¼‰',
  `status` char(1) NOT NULL COMMENT 'è§’è‰²çŠ¶æ€ï¼ˆ0æ­£å¸¸ 1åœç”¨ï¼‰',
  `del_flag` char(1) DEFAULT '0' COMMENT 'åˆ é™¤æ ‡å¿—ï¼ˆ0ä»£è¡¨å­˜åœ¨ 2ä»£è¡¨åˆ é™¤ï¼‰',
  `create_by` varchar(64) DEFAULT '' COMMENT 'åˆ›å»ºè€…',
  `create_time` datetime DEFAULT NULL COMMENT 'åˆ›å»ºæ—¶é—´',
  `update_by` varchar(64) DEFAULT '' COMMENT 'æ›´æ–°è€…',
  `update_time` datetime DEFAULT NULL COMMENT 'æ›´æ–°æ—¶é—´',
  `remark` varchar(500) DEFAULT NULL COMMENT 'å¤‡æ³¨',
  PRIMARY KEY (`role_id`)
) ENGINE=InnoDB AUTO_INCREMENT=100 DEFAULT CHARSET=utf8mb4 COLLATE=utf8mb4_0900_ai_ci COMMENT='è§’è‰²ä¿¡æ¯è¡¨';
/*!40101 SET character_set_client = @saved_cs_client */;

--
-- Dumping data for table `sys_role`
--

LOCK TABLES `sys_role` WRITE;
/*!40000 ALTER TABLE `sys_role` DISABLE KEYS */;
INSERT INTO `sys_role` VALUES (1,'ç®¡ç†å‘˜','admin',1,'1','0','0','admin','2018-03-16 11:33:00','admin','2019-08-24 14:20:23','ç®¡ç†å‘˜'),(2,'æ™®é€šè§’è‰²','common',2,'2','0','0','admin','2018-03-16 11:33:00','admin','2019-08-21 21:05:57','æ™®é€šè§’è‰²');
/*!40000 ALTER TABLE `sys_role` ENABLE KEYS */;
UNLOCK TABLES;

--
-- Table structure for table `sys_role_dept`
--

DROP TABLE IF EXISTS `sys_role_dept`;
/*!40101 SET @saved_cs_client     = @@character_set_client */;
 SET character_set_client = utf8mb4 ;
CREATE TABLE `sys_role_dept` (
  `role_id` bigint(20) NOT NULL COMMENT 'è§’è‰²ID',
  `dept_id` bigint(20) NOT NULL COMMENT 'éƒ¨é—¨ID',
  PRIMARY KEY (`role_id`,`dept_id`)
) ENGINE=InnoDB DEFAULT CHARSET=utf8mb4 COLLATE=utf8mb4_0900_ai_ci COMMENT='è§’è‰²å’Œéƒ¨é—¨å…³è”è¡¨';
/*!40101 SET character_set_client = @saved_cs_client */;

--
-- Dumping data for table `sys_role_dept`
--

LOCK TABLES `sys_role_dept` WRITE;
/*!40000 ALTER TABLE `sys_role_dept` DISABLE KEYS */;
INSERT INTO `sys_role_dept` VALUES (2,100),(2,101),(2,105);
/*!40000 ALTER TABLE `sys_role_dept` ENABLE KEYS */;
UNLOCK TABLES;

--
-- Table structure for table `sys_role_menu`
--

DROP TABLE IF EXISTS `sys_role_menu`;
/*!40101 SET @saved_cs_client     = @@character_set_client */;
 SET character_set_client = utf8mb4 ;
CREATE TABLE `sys_role_menu` (
  `role_id` bigint(20) NOT NULL COMMENT 'è§’è‰²ID',
  `menu_id` bigint(20) NOT NULL COMMENT 'èœå•ID',
  PRIMARY KEY (`role_id`,`menu_id`)
) ENGINE=InnoDB DEFAULT CHARSET=utf8mb4 COLLATE=utf8mb4_0900_ai_ci COMMENT='è§’è‰²å’Œèœå•å…³è”è¡¨';
/*!40101 SET character_set_client = @saved_cs_client */;

--
-- Dumping data for table `sys_role_menu`
--

LOCK TABLES `sys_role_menu` WRITE;
/*!40000 ALTER TABLE `sys_role_menu` DISABLE KEYS */;
INSERT INTO `sys_role_menu` VALUES (1,1),(1,2),(1,3),(1,100),(1,101),(1,102),(1,103),(1,104),(1,105),(1,106),(1,107),(1,108),(1,109),(1,110),(1,111),(1,112),(1,113),(1,114),(1,115),(1,500),(1,501),(1,1000),(1,1001),(1,1002),(1,1003),(1,1004),(1,1005),(1,1006),(1,1007),(1,1008),(1,1009),(1,1010),(1,1011),(1,1012),(1,1013),(1,1014),(1,1015),(1,1016),(1,1017),(1,1018),(1,1019),(1,1020),(1,1021),(1,1022),(1,1023),(1,1024),(1,1025),(1,1026),(1,1027),(1,1028),(1,1029),(1,1030),(1,1031),(1,1032),(1,1033),(1,1034),(1,1035),(1,1036),(1,1037),(1,1038),(1,1039),(1,1040),(1,1041),(1,1042),(1,1043),(1,1044),(1,1045),(1,1046),(1,1047),(1,1048),(1,1049),(1,1050),(1,1051),(1,1052),(1,1053),(1,1054),(1,1055),(1,1056),(1,1057),(1,1058),(1,1059),(1,1060),(1,2000),(1,2001),(1,2002),(1,2003),(1,2004),(1,2005),(1,2006),(2,1),(2,2),(2,100),(2,108),(2,109),(2,500),(2,501),(2,1000),(2,1001),(2,1002),(2,1003),(2,1004),(2,1005),(2,1006),(2,1039),(2,1040),(2,1041),(2,1042),(2,1043),(2,1044),(2,1045),(2,1046),(2,1047),(2,1048),(2,2000),(2,2001),(2,2002),(2,2003),(2,2004),(2,2005);
/*!40000 ALTER TABLE `sys_role_menu` ENABLE KEYS */;
UNLOCK TABLES;

--
-- Table structure for table `sys_user`
--

DROP TABLE IF EXISTS `sys_user`;
/*!40101 SET @saved_cs_client     = @@character_set_client */;
 SET character_set_client = utf8mb4 ;
CREATE TABLE `sys_user` (
  `user_id` bigint(20) NOT NULL AUTO_INCREMENT COMMENT 'ç”¨æˆ·ID',
  `dept_id` bigint(20) DEFAULT NULL COMMENT 'éƒ¨é—¨ID',
  `login_name` varchar(30) NOT NULL COMMENT 'ç™»å½•è´¦å·',
  `user_name` varchar(30) NOT NULL COMMENT 'ç”¨æˆ·æ˜µç§°',
  `user_type` varchar(2) DEFAULT '00' COMMENT 'ç”¨æˆ·ç±»å‹ï¼ˆ00ç³»ç»Ÿç”¨æˆ·ï¼‰',
  `email` varchar(50) DEFAULT '' COMMENT 'ç”¨æˆ·é‚®ç®±',
  `phonenumber` varchar(11) DEFAULT '' COMMENT 'æ‰‹æœºå·ç ',
  `sex` char(1) DEFAULT '0' COMMENT 'ç”¨æˆ·æ€§åˆ«ï¼ˆ0ç”· 1å¥³ 2æœªçŸ¥ï¼‰',
  `avatar` varchar(100) DEFAULT '' COMMENT 'å¤´åƒè·¯å¾„',
  `password` varchar(50) DEFAULT '' COMMENT 'å¯†ç ',
  `salt` varchar(20) DEFAULT '' COMMENT 'ç›åŠ å¯†',
  `status` char(1) DEFAULT '0' COMMENT 'å¸å·çŠ¶æ€ï¼ˆ0æ­£å¸¸ 1åœç”¨ï¼‰',
  `del_flag` char(1) DEFAULT '0' COMMENT 'åˆ é™¤æ ‡å¿—ï¼ˆ0ä»£è¡¨å­˜åœ¨ 2ä»£è¡¨åˆ é™¤ï¼‰',
  `login_ip` varchar(50) DEFAULT '' COMMENT 'æœ€åç™»é™†IP',
  `login_date` datetime DEFAULT NULL COMMENT 'æœ€åç™»é™†æ—¶é—´',
  `create_by` varchar(64) DEFAULT '' COMMENT 'åˆ›å»ºè€…',
  `create_time` datetime DEFAULT NULL COMMENT 'åˆ›å»ºæ—¶é—´',
  `update_by` varchar(64) DEFAULT '' COMMENT 'æ›´æ–°è€…',
  `update_time` datetime DEFAULT NULL COMMENT 'æ›´æ–°æ—¶é—´',
  `remark` varchar(500) DEFAULT NULL COMMENT 'å¤‡æ³¨',
  PRIMARY KEY (`user_id`)
) ENGINE=InnoDB AUTO_INCREMENT=101 DEFAULT CHARSET=utf8mb4 COLLATE=utf8mb4_0900_ai_ci COMMENT='ç”¨æˆ·ä¿¡æ¯è¡¨';
/*!40101 SET character_set_client = @saved_cs_client */;

--
-- Dumping data for table `sys_user`
--

LOCK TABLES `sys_user` WRITE;
/*!40000 ALTER TABLE `sys_user` DISABLE KEYS */;
INSERT INTO `sys_user` VALUES (1,103,'admin','è‹¥ä¾','00','ry@163.com','15888888888','1','','30710afc5ea794642bb8559f31807311','19e631','0','0','127.0.0.1','2019-08-24 14:29:13','admin','2018-03-16 11:33:00','ry','2019-08-24 14:29:12','ç®¡ç†å‘˜'),(2,105,'ry','è‹¥ä¾','00','ry@qq.com','15666666666','1','','8e6d98b90472783cc73c17047ddccf36','222222','1','0','127.0.0.1','2018-03-16 11:33:00','admin','2018-03-16 11:33:00','ry','2019-08-18 16:03:25','æµ‹è¯•å‘˜'),(100,104,'test','æµ‹è¯•','00','test@qq.com','18099999999','0','','8d489329d1ad7370fb5d1208ffa6ca08','dd5ece','0','0','127.0.0.1','2019-08-21 21:06:08','admin','2019-08-21 20:56:05','admin','2019-08-21 21:06:07','');
/*!40000 ALTER TABLE `sys_user` ENABLE KEYS */;
UNLOCK TABLES;

--
-- Table structure for table `sys_user_online`
--

DROP TABLE IF EXISTS `sys_user_online`;
/*!40101 SET @saved_cs_client     = @@character_set_client */;
 SET character_set_client = utf8mb4 ;
CREATE TABLE `sys_user_online` (
  `sessionId` varchar(50) NOT NULL DEFAULT '' COMMENT 'ç”¨æˆ·ä¼šè¯id',
  `login_name` varchar(50) DEFAULT '' COMMENT 'ç™»å½•è´¦å·',
  `dept_name` varchar(50) DEFAULT '' COMMENT 'éƒ¨é—¨åç§°',
  `ipaddr` varchar(50) DEFAULT '' COMMENT 'ç™»å½•IPåœ°å€',
  `login_location` varchar(255) DEFAULT '' COMMENT 'ç™»å½•åœ°ç‚¹',
  `browser` varchar(50) DEFAULT '' COMMENT 'æµè§ˆå™¨ç±»å‹',
  `os` varchar(50) DEFAULT '' COMMENT 'æ“ä½œç³»ç»Ÿ',
  `status` varchar(10) DEFAULT '' COMMENT 'åœ¨çº¿çŠ¶æ€on_lineåœ¨çº¿off_lineç¦»çº¿',
  `start_timestamp` datetime DEFAULT NULL COMMENT 'sessionåˆ›å»ºæ—¶é—´',
  `last_access_time` datetime DEFAULT NULL COMMENT 'sessionæœ€åè®¿é—®æ—¶é—´',
  `expire_time` int(5) DEFAULT '0' COMMENT 'è¶…æ—¶æ—¶é—´ï¼Œå•ä½ä¸ºåˆ†é’Ÿ',
  PRIMARY KEY (`sessionId`)
) ENGINE=InnoDB DEFAULT CHARSET=utf8mb4 COLLATE=utf8mb4_0900_ai_ci COMMENT='åœ¨çº¿ç”¨æˆ·è®°å½•';
/*!40101 SET character_set_client = @saved_cs_client */;

--
-- Dumping data for table `sys_user_online`
--

LOCK TABLES `sys_user_online` WRITE;
/*!40000 ALTER TABLE `sys_user_online` DISABLE KEYS */;
INSERT INTO `sys_user_online` VALUES ('0d57bc28-61ab-497d-8e35-2a16c15ce3c6','admin','ç ”å‘éƒ¨é—¨','127.0.0.1','å†…ç½‘IP','Chrome','Windows 10','on_line','2019-08-24 14:26:01','2019-08-24 14:28:20',1800000),('4ada8320-1586-4293-98ed-132273a76bb1','admin','ç ”å‘éƒ¨é—¨','127.0.0.1','å†…ç½‘IP','Chrome','Windows 10','on_line','2019-08-24 14:28:33','2019-08-24 14:28:37',1800000),('7b5d0bf7-6010-4964-8677-e463f9f0fd83','admin','ç ”å‘éƒ¨é—¨','127.0.0.1','å†…ç½‘IP','Microsoft Edge','Windows 10','on_line','2019-08-24 14:29:04','2019-08-24 14:31:42',1800000),('83190f10-20f4-4ea4-a284-6644109ec545','admin','ç ”å‘éƒ¨é—¨','127.0.0.1','å†…ç½‘IP','Firefox','Windows 10','on_line','2019-08-24 14:27:19','2019-08-24 14:27:34',1800000),('c4222dfa-82e5-4d54-96ff-cd536ad45e0f','admin','ç ”å‘éƒ¨é—¨','127.0.0.1','å†…ç½‘IP','Chrome','Windows 10','on_line','2019-08-24 14:20:28','2019-08-24 14:24:14',1800000);
/*!40000 ALTER TABLE `sys_user_online` ENABLE KEYS */;
UNLOCK TABLES;

--
-- Table structure for table `sys_user_post`
--

DROP TABLE IF EXISTS `sys_user_post`;
/*!40101 SET @saved_cs_client     = @@character_set_client */;
 SET character_set_client = utf8mb4 ;
CREATE TABLE `sys_user_post` (
  `user_id` bigint(20) NOT NULL COMMENT 'ç”¨æˆ·ID',
  `post_id` bigint(20) NOT NULL COMMENT 'å²—ä½ID',
  PRIMARY KEY (`user_id`,`post_id`)
) ENGINE=InnoDB DEFAULT CHARSET=utf8mb4 COLLATE=utf8mb4_0900_ai_ci COMMENT='ç”¨æˆ·ä¸å²—ä½å…³è”è¡¨';
/*!40101 SET character_set_client = @saved_cs_client */;

--
-- Dumping data for table `sys_user_post`
--

LOCK TABLES `sys_user_post` WRITE;
/*!40000 ALTER TABLE `sys_user_post` DISABLE KEYS */;
INSERT INTO `sys_user_post` VALUES (1,1),(2,2);
/*!40000 ALTER TABLE `sys_user_post` ENABLE KEYS */;
UNLOCK TABLES;

--
-- Table structure for table `sys_user_role`
--

DROP TABLE IF EXISTS `sys_user_role`;
/*!40101 SET @saved_cs_client     = @@character_set_client */;
 SET character_set_client = utf8mb4 ;
CREATE TABLE `sys_user_role` (
  `user_id` bigint(20) NOT NULL COMMENT 'ç”¨æˆ·ID',
  `role_id` bigint(20) NOT NULL COMMENT 'è§’è‰²ID',
  PRIMARY KEY (`user_id`,`role_id`)
) ENGINE=InnoDB DEFAULT CHARSET=utf8mb4 COLLATE=utf8mb4_0900_ai_ci COMMENT='ç”¨æˆ·å’Œè§’è‰²å…³è”è¡¨';
/*!40101 SET character_set_client = @saved_cs_client */;

--
-- Dumping data for table `sys_user_role`
--

LOCK TABLES `sys_user_role` WRITE;
/*!40000 ALTER TABLE `sys_user_role` DISABLE KEYS */;
INSERT INTO `sys_user_role` VALUES (1,1),(2,2),(100,2);
/*!40000 ALTER TABLE `sys_user_role` ENABLE KEYS */;
UNLOCK TABLES;
/*!40103 SET TIME_ZONE=@OLD_TIME_ZONE */;

/*!40101 SET SQL_MODE=@OLD_SQL_MODE */;
/*!40014 SET FOREIGN_KEY_CHECKS=@OLD_FOREIGN_KEY_CHECKS */;
/*!40014 SET UNIQUE_CHECKS=@OLD_UNIQUE_CHECKS */;
/*!40101 SET CHARACTER_SET_CLIENT=@OLD_CHARACTER_SET_CLIENT */;
/*!40101 SET CHARACTER_SET_RESULTS=@OLD_CHARACTER_SET_RESULTS */;
/*!40101 SET COLLATION_CONNECTION=@OLD_COLLATION_CONNECTION */;
/*!40111 SET SQL_NOTES=@OLD_SQL_NOTES */;

-- Dump completed on 2019-08-24 14:35:06
